"date","isin","ticker","ticker_raw","name","sector","prior_shares","today_shares","shares_delta","prior_weight","today_weight","weight_delta","price","dollar_flow","flow_type","gap_days"
"2025-05-22","-","USD","USD","USD CASH","Cash and/or Derivatives",-264361.0,2355610.0,2619971.0,-0.00195,0.01742,0.01937,100.0,261997100.0,"BUY",1
"2025-05-22","US0669224778","XTSLA","XTSLA","BLK CSH FND TREASURY SL AGENCY","Cash and/or Derivatives",78330196.0,77900245.0,-429951.0,0.57908,0.57595,-0.00313,1.0,-429951.0,"SELL",1
"2025-05-22","US0970232049","BA","BA","BOEING CO","Industrial",9308961.0,9304833.0,-4128.0,4.58442,4.58105,-0.00337,66.59,-274883.52,"SELL",1
"2025-05-22","US9497468044","WFC-L","WFC","WELLS FARGO & COMPANY SERIES L","Financial Institutions",271748.0,271628.0,-120.0,2.34047,2.33963,-0.00084,1165.0,-139800.0,"SELL",1
"2025-05-22","US1730802014","C","C","CITIGROUP CAPITAL XIII","Financial Institutions",7272122.0,7268894.0,-3228.0,1.5865,1.58647,-3e-05,29.52,-95290.56,"SELL",1
"2025-05-22","US48251W5004","KKR","KKR","KKR & CO INC","Financial Institutions",4193165.0,4191305.0,-1860.0,1.51618,1.5178,0.00162,48.98,-91102.8,"SELL",1
"2025-05-22","US0605056821","BAC-L","BAC","BANK OF AMERICA CORP","Financial Institutions",149047.0,148979.0,-68.0,1.28589,1.28663,0.00074,1168.1,-79430.8,"SELL",1
"2025-05-22","US03769M3043","APO","APO","APOLLO GLOBAL MANAGEMENT INC","Financial Institutions",2327189.0,2326157.0,-1032.0,1.20664,1.21197,0.00533,70.47,-72725.04,"SELL",1
"2025-05-22","US65339F6631","NEE","NEE","NEXTERA ENERGY UNITS INC","Utility",3237839.0,3236403.0,-1436.0,1.17051,1.11386,-0.05665,46.55,-66845.8,"SELL",1
"2025-05-22","US48128B6487","JPM","JPM","JPMORGAN CHASE & CO","Financial Institutions",5591954.0,5589474.0,-2480.0,1.02565,1.02735,0.0017,24.86,-61652.8,"SELL",1
"2025-05-22","US5950173022","MCHP","MCHP","MICROCHIP TECHNOLOGY INCORPORATED","Industrial",2405580.0,2404512.0,-1068.0,1.01476,1.00124,-0.01352,56.32,-60149.76,"SELL",1
"2025-05-22","US42824C2089","HPE","HPE","HEWLETT PACKARD ENTERPRISE CONV PR","Industrial",2428500.0,2427424.0,-1076.0,0.93233,0.9355,0.00317,52.13,-56091.88,"SELL",1
"2025-05-22","US65339F7134","NEEXU","NEEXU","NEXTERA ENERGY   CORPORATE UNITS I","Utility",3237839.0,3236403.0,-1436.0,0.99098,0.93129,-0.05969,38.92,-55889.12,"SELL",1
"2025-05-22","US03990B3096","ARES","ARES","ARES MANAGEMENT CORP","Financial Institutions",2428500.0,2427424.0,-1076.0,0.91922,0.92015,0.00093,51.27,-55166.52,"SELL",1
"2025-05-22","US48128B6552","JPM","JPM","JPMORGAN CHASE & CO","Financial Institutions",5125147.0,5122875.0,-2272.0,0.90745,0.90902,0.00157,24.0,-54528.0,"SELL",1
"2025-05-22","US69331C3060","PCG","PCG","PG&E CORPORATION","Utility",2606477.0,2605321.0,-1156.0,0.84997,0.83887,-0.0111,43.55,-50343.8,"SELL",1
"2025-05-22","US0126532003","ALB","ALB","ALBEMARLE CORP","Industrial",3723480.0,3721828.0,-1652.0,0.79691,0.82111,0.0242,29.84,-49295.68,"SELL",1
"2025-05-22","US00206R7061","T-C","T","AT&T INC","Industrial",5666339.0,5663827.0,-2512.0,0.78879,0.78893,0.00014,18.84,-47326.08,"SELL",1
"2025-05-22","US48128B5497","JPM","JPM","JPMORGAN CHASE NON-CUMULATIVE PREF","Financial Institutions",5595294.0,5592810.0,-2484.0,0.78345,0.78772,0.00427,19.05,-47320.2,"SELL",1
"2025-05-22","US48128B5232","JPM","JPM","JPMORGAN CHASE AND CO DS REPSTG  T","Financial Institutions",6058456.0,6055768.0,-2688.0,0.77575,0.78398,0.00823,17.51,-47066.88,"SELL",1
"2025-05-22","US65339F1194","NEE","NEECV","NEXTERA ENERGY UNITS INC","Utility",2428500.0,2427424.0,-1076.0,0.80952,0.77262,-0.0369,43.05,-46321.8,"SELL",1
"2025-05-22","US94988U1512","WFC-Z","WFC","WELLS FARGO & COMPANY","Financial Institutions",5440933.0,5438521.0,-2412.0,0.74857,0.74991,0.00134,18.65,-44983.8,"SELL",1
"2025-05-22","US00206R3003","T","T","AT&T INC","Industrial",4282032.0,4280132.0,-1900.0,0.68884,0.69208,0.00324,21.87,-41553.0,"SELL",1
"2025-05-22","US38144G8042","GS-D","GS","GOLDMAN SACHS GROUP INC","Financial Institutions",4370981.0,4369041.0,-1940.0,0.68344,0.68707,0.00363,21.27,-41263.8,"SELL",1
"2025-05-22","US5949728878","MSTR","MSTR","MICROSTRATEGY INCORPORATED","Industrial",614948.0,614548.0,-400.0,0.45462,0.4585,0.00388,100.91,-40364.0,"SELL",1
"2025-05-22","US5949728795","MSTR","MSTR","MICROSTRATEGY  PERP STRIFE PRF SER","Industrial",686055.0,685655.0,-400.0,0.51049,0.50389,-0.0066,99.4,-39760.0,"SELL",1
"2025-05-22","US14040H8245","COF-I","COF","CAPITAL ONE FINANCIAL CORPORATION","Financial Institutions",4856701.0,4854545.0,-2156.0,0.6567,0.65862,0.00192,18.35,-39562.6,"SELL",1
"2025-05-22","US48128B5802","JPM","JPM","JPMORGAN CHASE DRC","Financial Institutions",4515694.0,4513690.0,-2004.0,0.61927,0.62105,0.00178,18.61,-37294.44,"SELL",1
"2025-05-22","US61762V8384","MS-Q","MS","MORGAN STANLEY","Financial Institutions",3165505.0,3164101.0,-1404.0,0.58973,0.58999,0.00026,25.22,-35408.88,"SELL",1
"2025-05-22","US61762V8533","MS-P","MS","MORGAN STANLEY","Financial Institutions",3164745.0,3163341.0,-1404.0,0.58561,0.58704,0.00143,25.1,-35240.4,"SELL",1
"2025-05-22","US26441C5013","DUK-A","DUK","DUKE ENERGY CORP","Utility",3237839.0,3236403.0,-1436.0,0.5831,0.58457,0.00147,24.43,-35081.48,"SELL",1
"2025-05-22","US61761J4067","MS-I","MS","MORGAN STANLEY DS REPRESENTING   F","Financial Institutions",3163721.0,3162317.0,-1404.0,0.57209,0.57329,0.0012,24.52,-34426.08,"SELL",1
"2025-05-22","US00206R5081","T-A","T","AT&T INC","Industrial",3885420.0,3883696.0,-1724.0,0.57046,0.57141,0.00095,19.9,-34307.6,"SELL",1
"2025-05-22","US0200028381","ALL-H","ALL","ALLSTATE CORPORATION (THE)","Financial Institutions",3723480.0,3721828.0,-1652.0,0.56313,0.55997,-0.00316,20.35,-33618.2,"SELL",1
"2025-05-22","US61747S5047","MS","MS","MORGAN STANLEY","Financial Institutions",3480342.0,3478798.0,-1544.0,0.5537,0.55222,-0.00148,21.47,-33149.68,"SELL",1
"2025-05-22","US61762V6065","MS-K","MS","MORGAN STANLEY","Financial Institutions",3161458.0,3160054.0,-1404.0,0.53218,0.53152,-0.00066,22.75,-31941.0,"SELL",1
"2025-05-22","US14040H7825","COF-J","COF","CAPITAL ONE FINANCIAL CORPORATION","Financial Institutions",4047270.0,4045474.0,-1796.0,0.52062,0.52283,0.00221,17.48,-31394.08,"SELL",1
"2025-05-22","US61762V8616","MS-O","MS","MORGAN STANLEY","Financial Institutions",4108762.0,4106938.0,-1824.0,0.51152,0.51286,0.00134,16.89,-30807.36,"SELL",1
"2025-05-22","US61762V2007","MS-E","MS","MORGAN STANLEY","Financial Institutions",2721645.0,2720437.0,-1208.0,0.50966,0.50988,0.00022,25.35,-30622.8,"SELL",1
"2025-05-22","US61763E2072","MS-F","MS","MORGAN STANLEY DS","Financial Institutions",2681339.0,2680151.0,-1188.0,0.49953,0.49935,-0.00018,25.2,-29937.6,"SELL",1
"2025-05-22","US9029731554","USB-B","USB","US BANCORP","Financial Institutions",3237840.0,3236404.0,-1436.0,0.49214,0.49292,0.00078,20.6,-29581.6,"SELL",1
"2025-05-22","US04686J8615","ATH-A","ATH","ATHENE HOLDING DS REPRESENTING   P","Financial Institutions",2792580.0,2791340.0,-1240.0,0.48991,0.48643,-0.00348,23.57,-29226.8,"SELL",1
"2025-05-22","US8425878001","SO","SO","SOUTHERN COMPANY (THE)","Utility",3237839.0,3236403.0,-1436.0,0.47084,0.47091,7e-05,19.68,-28260.48,"SELL",1
"2025-05-22","US55261F8648","MTB-J","MTB","M T BK DEP INT PERP PFD STK SER J","Financial Institutions",2428500.0,2427424.0,-1076.0,0.46912,0.47057,0.00145,26.22,-28212.72,"SELL",1
"2025-05-22","US0605052291","BAC","BAC","BANK OF AMERICA CORP","Financial Institutions",2614288.0,2613128.0,-1160.0,0.46675,0.46735,0.0006,24.19,-28060.4,"SELL",1
"2025-05-22","US59156R8503","MET-F","MET","METLIFE INC","Financial Institutions",3237839.0,3236403.0,-1436.0,0.46318,0.46373,0.00055,19.38,-27829.68,"SELL",1
"2025-05-22","US59156R8768","MET-E","MET","METLIFE INC","Financial Institutions",2606466.0,2605310.0,-1156.0,0.44897,0.4491,0.00013,23.32,-26957.92,"SELL",1
"2025-05-22","US0357108705","NLY-F","NLY","ANNALY CAPITAL MANAGEMENT INC","Financial Institutions",2331195.0,2330159.0,-1036.0,0.44188,0.44224,0.00036,25.67,-26594.12,"SELL",1
"2025-05-22","US8085136005","SCHW-D","SCHW","CHARLES SCHWAB CORPORATION (THE)","Financial Institutions",2428500.0,2427424.0,-1076.0,0.43932,0.43952,0.0002,24.49,-26351.24,"SELL",1
"2025-05-22","US00775V1044","AEGON","AEGON","AEGON FUNDING CORPORATION II","Financial Institutions",2995019.0,2993691.0,-1328.0,0.43619,0.43227,-0.00392,19.53,-25935.84,"SELL",1
"2025-05-22","US7593518852","RGA","RGA","REINSURANCE GROUP OF AMERICA INCOR","Financial Institutions",2266908.0,2265908.0,-1000.0,0.43154,0.43256,0.00102,25.82,-25820.0,"SELL",1
"2025-05-22","US94988U1280","WFC","WFC","WELLS FARGO & COMPANY","Financial Institutions",3117032.0,3115648.0,-1384.0,0.42239,0.42316,0.00077,18.37,-25424.08,"SELL",1
"2025-05-22","US06053U6010","BAC","BAC","BANK AMER DS REPRESENTING   NON CU","Financial Institutions",2673790.0,2672602.0,-1188.0,0.42123,0.42246,0.00123,21.38,-25399.44,"SELL",1
"2025-05-22","US95002Y4008","WFC","WFC","WELLS FARGO & COMPANY","Financial Institutions",3328211.0,3326735.0,-1476.0,0.41189,0.41371,0.00182,16.82,-24826.32,"SELL",1
"2025-05-22","US89832Q6952","TFC-R","TFC","TRUIST FINANCIAL DRC CORP","Financial Institutions",2995019.0,2993691.0,-1328.0,0.41139,0.41246,0.00107,18.64,-24753.92,"SELL",1
"2025-05-22","US74913G8814","CTL","CTL","QWEST CORP","Industrial",3165018.0,3163614.0,-1404.0,0.40058,0.41003,0.00945,17.53,-24612.12,"SELL",1
"2025-05-22","US10950A2050","BTSG","BTSG","BRIGHTSPRING HEALTH SERVICES UNITS","Industrial",647490.0,647202.0,-288.0,0.39759,0.38563,-0.01196,80.59,-23209.92,"SELL",1
"2025-05-22","US48128B6222","JPM","JPM","JPMORGAN CHASE & CO","Financial Institutions",2661969.0,2660789.0,-1180.0,0.38296,0.38381,0.00085,19.51,-23021.8,"SELL",1
"2025-05-22","US3453708378","F","F","FORD MOTOR COMPANY","Industrial",2590349.0,2589201.0,-1148.0,0.3807,0.38305,0.00235,20.01,-22971.48,"SELL",1
"2025-05-22","US38143Y6656","GS-A","GS","GOLDMAN SACHS GROUP INC","Financial Institutions",2428341.0,2427265.0,-1076.0,0.38544,0.38225,-0.00319,21.3,-22918.8,"SELL",1
"2025-05-22","US0605051798","BAC","BAC","BANK OF AMERICA CORP","Financial Institutions",2028087.0,2027187.0,-900.0,0.37723,0.37815,0.00092,25.23,-22707.0,"SELL",1
"2025-05-22","US0200027888","ALL-J","ALL","ALLSTATE DEP REPSTG  TH NON CUM PE","Financial Institutions",1942780.0,1941920.0,-860.0,0.37587,0.37818,0.00231,26.34,-22652.4,"SELL",1
"2025-05-22","US03769M2052","APO","APO","APOLLO GLOBAL MANAGEMENT INC","Financial Institutions",1942780.0,1941920.0,-860.0,0.374,0.37559,0.00159,26.16,-22497.6,"SELL",1
"2025-05-22","US06055H2022","BAC","BAC","BANK OF AMERICA CORPORATION DEPOSI","Financial Institutions",2513577.0,2512461.0,-1116.0,0.3683,0.36966,0.00136,19.9,-22208.4,"SELL",1
"2025-05-22","US65339K8606","NEE","NEE","NEXTERA ENERGY CAPITAL HOLDINGS IN","Utility",2225970.0,2224982.0,-988.0,0.36944,0.36914,-0.0003,22.44,-22170.72,"SELL",1
"2025-05-22","US8168516040","SRE","SRE","SEMPRA ENERGY","Utility",2452674.0,2451586.0,-1088.0,0.36718,0.36868,0.0015,20.34,-22129.92,"SELL",1
"2025-05-22","US04686J3095","ATH-C","ATH","ATHENE HOLDING LTD","Financial Institutions",1942780.0,1941920.0,-860.0,0.36108,0.36174,0.00066,25.2,-21672.0,"SELL",1
"2025-05-22","US3453708451","F","F","FORD MOTOR COMPANY","Industrial",2428500.0,2427424.0,-1076.0,0.35817,0.35984,0.00167,20.05,-21573.8,"SELL",1
"2025-05-22","US95002Y2028","WFC","WFC","WELLS FARGO & COMPANY","Financial Institutions",2779590.0,2778358.0,-1232.0,0.35283,0.35352,0.00069,17.21,-21202.72,"SELL",1
"2025-05-22","US4932678430","KEY","KEY","KEYCORP","Financial Institutions",1942780.0,1941920.0,-860.0,0.34916,0.35147,0.00231,24.48,-21052.8,"SELL",1
"2025-05-22","US59156R5046","MET-A","MET","METLIFE INC","Financial Institutions",1942780.0,1941920.0,-860.0,0.34571,0.34673,0.00102,24.15,-20769.0,"SELL",1
"2025-05-22","US8425878670","SO","SO","SOUTHERN COMPANY (THE)","Utility",1829369.0,1828557.0,-812.0,0.34338,0.3438,0.00042,25.43,-20649.16,"SELL",1
"2025-05-22","US00123Q8722","AGNC-F","AGNC","AGNC INVESTMENT CORP","Financial Institutions",1861809.0,1860981.0,-828.0,0.34341,0.34288,-0.00053,24.92,-20633.76,"SELL",1
"2025-05-22","US04686J8383","ATH","ATH","ATHENE HOLDING LTD","Financial Institutions",1861809.0,1860981.0,-828.0,0.33777,0.3426,0.00483,24.9,-20617.2,"SELL",1
"2025-05-22","US12542R3084","CHSINC","CHSINC","CHS CUMULATIVE REDEEMABLE PREF CLA","Industrial",1736994.0,1736222.0,-772.0,0.33773,0.33568,-0.00205,26.15,-20187.8,"SELL",1
"2025-05-22","US21871X2080","CRBG","CRBG","COREBRIDGE FINANCIAL INC","Financial Institutions",1942780.0,1941920.0,-860.0,0.33566,0.3341,-0.00156,23.27,-20012.2,"SELL",1
"2025-05-22","US95082P3038","WCC-A","WCC","WESCO INTERNATIONAL  DS REP1 CUM P","Industrial",1743597.0,1742825.0,-772.0,0.3287,0.32845,-0.00025,25.49,-19678.28,"SELL",1
"2025-05-22","US1258968452","CMS","CMS","CMS ENERGY CORPORATION","Utility",2039866.0,2038962.0,-904.0,0.3286,0.32758,-0.00102,21.73,-19643.92,"SELL",1
"2025-05-22","US12542R8034","CHSINC","CHSINC","CHS INC","Industrial",1675566.0,1674822.0,-744.0,0.3212,0.32133,0.00013,25.95,-19306.8,"SELL",1
"2025-05-22","US5341878859","LNC-D","LNC","LINCOLN NATIONAL CORPORATION","Financial Institutions",1618850.0,1618130.0,-720.0,0.31679,0.3205,0.00371,26.79,-19288.8,"SELL",1
"2025-05-22","US87165B2025","SYF-A","SYF","SYNCHRONY FINANCIAL","Financial Institutions",2427241.0,2426141.0,-1100.0,0.3142,0.31355,-0.00065,17.48,-19228.0,"SELL",1
"2025-05-22","US9029737593","USB-K","USB","US BANCORP","Financial Institutions",1861809.0,1860981.0,-828.0,0.31038,0.30958,-0.0008,22.5,-18630.0,"SELL",1
"2025-05-22","US06055H8060","BAC","BAC","BANK OF AMERICA CORP","Financial Institutions",2499117.0,2498009.0,-1108.0,0.3078,0.30899,0.00119,16.73,-18536.84,"SELL",1
"2025-05-22","US8425878837","SO","SO","SOUTHERN COMPANY (THE)","Utility",2428500.0,2427424.0,-1076.0,0.30988,0.30905,-0.00083,17.22,-18528.72,"SELL",1
"2025-05-22","US0200023093","ALL","ALL","ALLSTATE CORPORATION (THE)","Financial Institutions",1618850.0,1618130.0,-720.0,0.30698,0.30687,-0.00011,25.65,-18468.0,"SELL",1
"2025-05-22","US7443208050","PRU","PRU","PRUDENTIAL FINANCIAL INC","Financial Institutions",1829359.0,1828547.0,-812.0,0.30632,0.30743,0.00111,22.74,-18464.88,"SELL",1
"2025-05-22","US04686J5074","ATH-E","ATH","ATHENE HLDG LTD DEP SHR REPSTG   I","Financial Institutions",1618850.0,1618130.0,-720.0,0.30303,0.30567,0.00264,25.55,-18396.0,"SELL",1
"2025-05-22","US94988U6560","WFC-Y","WFC","WELLS FARGO & COMPANY","Financial Institutions",1813776.0,1812972.0,-804.0,0.30458,0.30427,-0.00031,22.7,-18250.8,"SELL",1
"2025-05-22","US3453708113","F","F","FORD MOTOR COMPANY","Industrial",1942805.0,1941945.0,-860.0,0.30492,0.30395,-0.00097,21.17,-18206.2,"SELL",1
"2025-05-22","US05990K8412","BANC-F","BANC","BANC OF CALIFORNIA INC","Financial Institutions",1667688.0,1666948.0,-740.0,0.30243,0.30281,0.00038,24.57,-18181.8,"SELL",1
"2025-05-22","US0640588457","BK-K","BK","BANK OF NEW YORK MELLON CORP/THE","Financial Institutions",1620907.0,1620187.0,-720.0,0.30257,0.30199,-0.00058,25.21,-18151.2,"SELL",1
"2025-05-22","US7591EP8604","RF","RF","REGIONS FINANCIAL CORPORATION","Financial Institutions",1618850.0,1618130.0,-720.0,0.30099,0.30041,-0.00058,25.11,-18079.2,"SELL",1
"2025-05-22","US4932677028","KEY-E","KEY","KEYCORP","Financial Institutions",1618851.0,1618131.0,-720.0,0.29788,0.29718,-0.0007,24.84,-17884.8,"SELL",1
"2025-05-22","US7838922018","EIX-M","EIX","SCE TRUST VII","Utility",1780711.0,1779919.0,-792.0,0.29265,0.29656,0.00391,22.54,-17851.68,"SELL",1
"2025-05-22","US87165B4005","SYF-B","SYF","SYNCHRONY FINANCIAL","Financial Institutions",1618850.0,1618130.0,-720.0,0.29453,0.2955,0.00097,24.7,-17784.0,"SELL",1
"2025-05-22","US26441C4024","DUK","DUK","DUKE ENERGY CORP","Utility",1618850.0,1618130.0,-720.0,0.29357,0.29371,0.00014,24.55,-17676.0,"SELL",1
"2025-05-22","US12542R7044","CHSINC","CHSINC","CHS RESET RATE CUMULATIVE REDEEMAB","Industrial",1595132.0,1594432.0,-700.0,0.29422,0.29412,-0.0001,24.95,-17465.0,"SELL",1
"2025-05-22","US16115Q4073","GTLS","GTLS","CHART INDS DEPOSITARY  TH CONV SER","Industrial",651714.0,651426.0,-288.0,0.29009,0.29042,0.00033,60.3,-17366.4,"SELL",1
"2025-05-22","US9029737189","USB-M","USB","US BANCORP","Financial Institutions",2428500.0,2427424.0,-1076.0,0.28995,0.28931,-0.00064,16.12,-17345.12,"SELL",1
"2025-05-22","US9116847024","AD","USM","UNITED STATES CELLULAR CORPORATION","Industrial",1618850.0,1618130.0,-720.0,0.28651,0.28581,-0.0007,23.89,-17200.8,"SELL",1
"2025-05-22","US89832Q7455","TFC-O","TFC","TRUIST FINANCIAL PERPETUAL PREF SE","Financial Institutions",1861809.0,1860981.0,-828.0,0.28464,0.28536,0.00072,20.74,-17172.72,"SELL",1
"2025-05-22","US0605051954","BAC","BAC","BANK OF AMERICA DEP REPRESENTING","Financial Institutions",1627418.0,1626694.0,-724.0,0.28309,0.28444,0.00135,23.65,-17122.6,"SELL",1
"2025-05-22","US8794337613","TDS","TDS","TELEPHONE AND DATA SYSTEMS INC","Industrial",2234028.0,2233036.0,-992.0,0.28349,0.2848,0.00131,17.25,-17112.0,"SELL",1
"2025-05-22","US9029738666","USB-A","USB","US BANCORP","Financial Institutions",46586.0,46566.0,-20.0,0.29102,0.29092,-0.0001,845.0,-16900.0,"SELL",1
"2025-05-22","US74913G8731","CTL","CTL","QWEST CORP","Industrial",2136942.0,2135994.0,-948.0,0.27275,0.27937,0.00662,17.69,-16770.12,"SELL",1
"2025-05-22","US7591EP7044","RF-C","RF","REGIONS FINANCIAL CORPORATION","Financial Institutions",1618850.0,1618130.0,-720.0,0.27514,0.27516,2e-05,23.0,-16560.0,"SELL",1
"2025-05-22","US3167736053","FITB-I","FITB","FIFTH THIRD BANCORP DEPOSITARY SHA","Financial Institutions",1456921.0,1456273.0,-648.0,0.27401,0.27402,1e-05,25.45,-16491.6,"SELL",1
"2025-05-22","US6494452021","FLG-A","FLG","NEW YORK COMMUNITY BANCORP INT FXD","Financial Institutions",1667508.0,1666768.0,-740.0,0.27404,0.27197,-0.00207,22.07,-16331.8,"SELL",1
"2025-05-22","US0357108473","NLY-I","NLY","ANNALY CAPITAL MANAGEMENT INC","Financial Institutions",1432764.0,1432128.0,-636.0,0.27063,0.27117,0.00054,25.61,-16287.96,"SELL",1
"2025-05-22","US8085138654","SCHW-J","SCHW","CHARLES SCHWAB CORPORATION (THE)","Financial Institutions",1942780.0,1941920.0,-860.0,0.26873,0.2692,0.00047,18.75,-16125.0,"SELL",1
"2025-05-22","US64828T7063","RITM-D","RITM","NEW RESIDENTIAL INVESTMENT CORP","Financial Institutions",1505568.0,1504900.0,-668.0,0.26635,0.26726,0.00091,24.02,-16045.36,"SELL",1
"2025-05-22","US8574778556","STT-G","STT","STATE STREET CORP","Financial Institutions",1618851.0,1618131.0,-720.0,0.26333,0.2632,-0.00013,22.0,-15840.0,"SELL",1
"2025-05-22","US06055H4002","BAC","BAC","BANK OF AMERICA CORP","Financial Institutions",2054396.0,2053484.0,-912.0,0.26262,0.2625,-0.00012,17.29,-15768.48,"SELL",1
"2025-05-22","US9116848840","AD","USM","UNITED STATES CELLULAR CORPORATION","Industrial",1618850.0,1618130.0,-720.0,0.26389,0.25961,-0.00428,21.7,-15624.0,"SELL",1
"2025-05-22","US9116848014","AD","USM","UNITED STATES CELLULAR CORPORATION","Industrial",1618850.0,1618130.0,-720.0,0.26198,0.25949,-0.00249,21.69,-15616.8,"SELL",1
"2025-05-22","US05461T3059","AXS-E","AXS","AXIS CAPITAL HOLDINGS LTD","Financial Institutions",1780711.0,1779919.0,-792.0,0.25908,0.25894,-0.00014,19.68,-15586.56,"SELL",1
"2025-05-22","US14040H7585","COF-L","COF","CAPITAL ONE FINANCIAL CORPORATION","Financial Institutions",2185600.0,2184632.0,-968.0,0.25852,0.25908,0.00056,16.04,-15526.72,"SELL",1
"2025-05-22","US12542R5063","CHSINC","CHSINC","CHS INC","Industrial",1359834.0,1359230.0,-604.0,0.25645,0.25495,-0.0015,25.37,-15323.48,"SELL",1
"2025-05-22","US0357108622","NLY-G","NLY","ANNALY CAPITAL MANAGEMENT INC","Financial Institutions",1376030.0,1375418.0,-612.0,0.25325,0.2525,-0.00075,24.83,-15195.96,"SELL",1
"2025-05-22","US1746106004","CFG-H","CFG","CITIZENS FINANCIAL GROUP INC","Financial Institutions",1295071.0,1294495.0,-576.0,0.25027,0.25037,0.0001,26.16,-15068.16,"SELL",1
"2025-05-22","US74460W5528","PSA-L","PSA","PUBLIC STORAGE","Financial Institutions",1829358.0,1828546.0,-812.0,0.25001,0.24997,-4e-05,18.49,-15013.88,"SELL",1
"2025-05-22","US0082528276","AMG","AMG","AFFILIATED MANAGERS GROUP INC.","Financial Institutions",1456921.0,1456273.0,-648.0,0.24794,0.24807,0.00013,23.04,-14929.92,"SELL",1
"2025-05-22","US00123Q8078","AGNC-E","AGNC","AGNC INVESTMENT CORP","Financial Institutions",1303129.0,1302549.0,-580.0,0.24393,0.24461,0.00068,25.4,-14732.0,"SELL",1
"2025-05-22","BMG1624R1079","BPY","BPYPM","BROOKFIELD PROPERTY PREFERRED PREF","Industrial",2173000.0,2172036.0,-964.0,0.24266,0.24474,0.00208,15.24,-14691.36,"SELL",1
"2025-05-22","US7593518027","RGA","RGA","REINSURANCE GROUP OF AMERICA INCOR","Financial Institutions",1295071.0,1294495.0,-576.0,0.23888,0.23946,0.00058,25.02,-14411.52,"SELL",1
"2025-05-22","US64828T5083","RITM-C","RITM","NEW RESIDENTIAL INVESTMENT CORP","Financial Institutions",1287241.0,1286669.0,-572.0,0.23448,0.23307,-0.00141,24.5,-14014.0,"SELL",1
"2025-05-22","US04686J4085","ATH-D","ATH","ATHENE HOLDING DS REPRESENTING A","Financial Institutions",1861809.0,1860981.0,-828.0,0.23055,0.23115,0.0006,16.8,-13910.4,"SELL",1
"2025-05-22","US8726521029","TPG","TPG","TPG OPERATING GROUP II LP","Financial Institutions",1295071.0,1294495.0,-576.0,0.23069,0.23046,-0.00023,24.08,-13870.08,"SELL",1
"2025-05-22","US8425874042","SO","SO","SOUTHERN COMPANY (THE)","Utility",1456921.0,1456273.0,-648.0,0.22845,0.2289,0.00045,21.26,-13776.48,"SELL",1
"2025-05-22","US74460W4612","PSA-P","PSA","PUBLIC STORAGE","Financial Institutions",1954832.0,1953964.0,-868.0,0.22877,0.22919,0.00042,15.87,-13775.16,"SELL",1
"2025-05-22","US10922N7075","BHF-C","BHF","BRIGHTHOUSE FINANCIAL INC","Financial Institutions",1861809.0,1860981.0,-828.0,0.22353,0.22255,-0.00098,16.18,-13397.04,"SELL",1
"2025-05-22","US61762V8046","MS-L","MS","MORGAN STANLEY","Financial Institutions",1542524.0,1541840.0,-684.0,0.22032,0.22092,0.0006,19.38,-13255.92,"SELL",1
"2025-05-22","US4932678687","KEY-G","KEY","KEYCORP","Financial Institutions",1456921.0,1456273.0,-648.0,0.21972,0.21873,-0.00099,20.32,-13167.36,"SELL",1
"2025-05-22","US87161C7092","SNV-E","SNV","SYNOVUS FINANCIAL CORP.","Financial Institutions",1133210.0,1132706.0,-504.0,0.21556,0.21565,9e-05,25.75,-12978.0,"SELL",1
"2025-05-22","US4932678760","KEY-F","KEY","KEYCORP","Financial Institutions",1376030.0,1375418.0,-612.0,0.2119,0.21238,0.00048,20.89,-12784.68,"SELL",1
"2025-05-22","US0158578080","AQNCN","AQNCN","ALGONQUIN POWER & UTILITIES CORP","Utility",1133210.0,1132706.0,-504.0,0.21237,0.21196,-0.00041,25.31,-12756.24,"SELL",1
"2025-05-22","US30190A2033","FG","FG","F&G ANNUITIES & LIFE INC","Financial Institutions",1117015.0,1116519.0,-496.0,0.21016,0.21223,0.00207,25.71,-12752.16,"SELL",1
"2025-05-22","US06055H6080","BAC","BAC","BANK OF AMERICA DRC CORP","Financial Institutions",1746445.0,1745669.0,-776.0,0.21031,0.21141,0.0011,16.38,-12710.88,"SELL",1
"2025-05-22","US30190A6091","FG","FG","F&G ANNUITIES & LIFE INC","Financial Institutions",1214101.0,1213561.0,-540.0,0.20913,0.20951,0.00038,23.35,-12609.0,"SELL",1
"2025-05-22","US4461507737","HBAN-J","HBAN","HUNTINGTON BANCSHARES INC","Financial Institutions",1050446.0,1049946.0,-500.0,0.19282,0.1929,8e-05,24.85,-12425.0,"SELL",1
"2025-05-22","US4461508230","HBAN-H","HBAN","HUNTINGTON BANCSHARES DRC INC","Financial Institutions",1618850.0,1618130.0,-720.0,0.20489,0.20565,0.00076,17.19,-12376.8,"SELL",1
"2025-05-22","US1746104025","CFG-E","CFG","CITIZENS FINANCIAL GROUP INC","Financial Institutions",1456921.0,1456273.0,-648.0,0.20339,0.20366,0.00027,18.91,-12253.68,"SELL",1
"2025-05-22","US48253M1045","KKR","KKR","KKR GROUP FINANCE CO IX LLC","Financial Institutions",1620079.0,1619379.0,-700.0,0.20984,0.20952,-0.00032,17.5,-12250.0,"SELL",1
"2025-05-22","US4165186036","HIG-G","HIG","HARTFORD FINANCIAL SERVICES GROUP","Financial Institutions",1117028.0,1116532.0,-496.0,0.20364,0.20357,-7e-05,24.66,-12231.36,"SELL",1
"2025-05-22","US12542R2094","CHSINC","CHSINC","CHS INC. (8% CUMULATIVE REDEEMABLE","Industrial",993442.0,993002.0,-440.0,0.20403,0.20373,-0.0003,27.75,-12210.0,"SELL",1
"2025-05-22","US03939A4040","ACGL-G","ACGL","ARCH CAPITAL GROUP LTD.","Financial Institutions",1618850.0,1618130.0,-720.0,0.20058,0.20183,0.00125,16.87,-12146.4,"SELL",1
"2025-05-22","US7443208886","PRU","PRU","PRUDENTIAL FINANCIAL INC","Financial Institutions",1618879.0,1618159.0,-720.0,0.20059,0.20135,0.00076,16.83,-12117.6,"SELL",1
"2025-05-22","US2333318598","DTE","DTE","DTE ENERGY COMPANY","Utility",1295095.0,1294519.0,-576.0,0.20116,0.20071,-0.00045,20.97,-12078.72,"SELL",1
"2025-05-22","US29364D1000","ETR","ETR","ENTERGY ARKANSAS LLC","Utility",1327602.0,1327014.0,-588.0,0.2013,0.20142,0.00012,20.53,-12071.64,"SELL",1
"2025-05-22","US00123Q5009","AGNC-C","AGNC","AGNC INVESTMENT CORP","Financial Institutions",1052251.0,1051783.0,-468.0,0.19907,0.19977,0.0007,25.69,-12022.92,"SELL",1
"2025-05-22","US9029736686","USB-O","USB","US BANCORP","Financial Institutions",1456882.0,1456234.0,-648.0,0.19925,0.19951,0.00026,18.53,-12007.44,"SELL",1
"2025-05-22","US29359U1097","ESGR-D","ESGR","ENSTAR GROUP LTD","Financial Institutions",1295071.0,1294495.0,-576.0,0.19713,0.19926,0.00213,20.82,-11992.32,"SELL",1
"2025-05-22","US10922N3017","BHF-A","BHF","BRIGHTHOUSE FINANCIAL INC","Financial Institutions",1376030.0,1375418.0,-612.0,0.19837,0.1987,0.00033,19.54,-11958.48,"SELL",1
"2025-05-22","US14314C1053","CG","CG","CARLYLE FINANCE LLC","Financial Institutions",1618850.0,1618130.0,-720.0,0.19831,0.19848,0.00017,16.59,-11944.8,"SELL",1
"2025-05-22","US16934Q4064","CIM-B","CIM","CHIMERA INVESTMENT CORP","Financial Institutions",1052251.0,1051783.0,-468.0,0.19409,0.19487,0.00078,25.06,-11728.08,"SELL",1
"2025-05-22","US10922N5095","BHF-B","BHF","BRIGHTHOUSE FINANCIAL INC","Financial Institutions",1303118.0,1302538.0,-580.0,0.19325,0.19405,0.0008,20.15,-11687.0,"SELL",1
"2025-05-22","US8794337878","TDS","TDS","TELEPHONE DATA SYS DRC INC","Industrial",1359834.0,1359230.0,-604.0,0.19392,0.19335,-0.00057,19.24,-11620.96,"SELL",1
"2025-05-22","US78410V2007","EIX","EIX","SCE TRUST VI","Financial Institutions",1537891.0,1537207.0,-684.0,0.18941,0.18957,0.00016,16.68,-11409.12,"SELL",1
"2025-05-22","US74965L2007","RLJ-A","RLJ","RLJ LODGING .95 CUMULATIVE CONVERT","Financial Institutions",1042440.0,1041976.0,-464.0,0.18696,0.18674,-0.00022,24.24,-11247.36,"SELL",1
"2025-05-22","US6658598569","NTRS-E","NTRS","NORTHERN TRUST CORPORATION","Financial Institutions",1295071.0,1294495.0,-576.0,0.18526,0.18567,0.00041,19.4,-11174.4,"SELL",1
"2025-05-22","BMG7498P1279","RNR-G","RNR","RENAISSANCERE HOLDINGS LTD","Financial Institutions",1618850.0,1618130.0,-720.0,0.18407,0.18508,0.00101,15.47,-11138.4,"SELL",1
"2025-05-22","US0256768591","ANGINC","ANGINC","AMERICAN NATIONAL GROUP INC","Financial Institutions",971280.0,970848.0,-432.0,0.18195,0.18203,8e-05,25.36,-10955.52,"SELL",1
"2025-05-22","US9029737346","USB-L","USB","US BANCORP","Financial Institutions",1618850.0,1618130.0,-720.0,0.18113,0.18191,0.00078,15.21,-10951.2,"SELL",1
"2025-05-22","US06055H8714","BAC","BAC","BANK OF AMERICA CORP","Financial Institutions",1309344.0,1308764.0,-580.0,0.1813,0.18187,0.00057,18.8,-10904.0,"SELL",1
"2025-05-22","US10922N2027","BHF","BHF","BRIGHTHOUSE FINANCIAL INC","Financial Institutions",1214100.0,1213560.0,-540.0,0.17817,0.17999,0.00182,20.06,-10832.4,"SELL",1
"2025-05-22","US80620A2087","EIX-N","SCETH","SCE TRUST VIII","Utility",1133210.0,1132706.0,-504.0,0.18079,0.1798,-0.00099,21.47,-10820.88,"SELL",1
"2025-05-22","US0256768674","AEL PR B","ANGINC","AMERICAN NATIONAL GROUP INC","Financial Institutions",971276.0,970844.0,-432.0,0.17908,0.17887,-0.00021,24.92,-10765.44,"SELL",1
"2025-05-22","US78409G2066","EIX-J","EIX","SCE TRUST IV","Utility",1052251.0,1051783.0,-468.0,0.17534,0.17574,0.0004,22.6,-10576.8,"SELL",1
"2025-05-22","US7443208704","PRU","PRU","PRUDENTIAL FINANCIAL INC","Financial Institutions",971281.0,970849.0,-432.0,0.17499,0.17529,0.0003,24.42,-10549.44,"SELL",1
"2025-05-22","US3196263053","FCNCA","FCNCA","FIRST CITIZENS BANCSHARES INC.","Financial Institutions",1117014.0,1116518.0,-496.0,0.17424,0.17517,0.00093,21.22,-10525.12,"SELL",1
"2025-05-22","US91529Y6014","UNM","UNM","UNUM GROUP","Financial Institutions",971280.0,970848.0,-432.0,0.17319,0.17316,-3e-05,24.12,-10419.84,"SELL",1
"2025-05-22","US9290892093","VOYA-B","VOYA","VOYA FINANCIAL INC","Financial Institutions",971280.0,970848.0,-432.0,0.17183,0.17292,0.00109,24.09,-10406.88,"SELL",1
"2025-05-22","US97650W5040","WTFC-E","WTFC","WINTRUST FINANCIAL CORP","Financial Institutions",930910.0,930498.0,-412.0,0.17336,0.1733,-6e-05,25.19,-10378.28,"SELL",1
"2025-05-22","US62913M2061","NGL-B","NGL","NGL ENERGY PARTNERS LP","Industrial",1146624.0,1146116.0,-508.0,0.17074,0.17159,0.00085,20.25,-10287.0,"SELL",1
"2025-05-22","US64828T4094","RITM-B","RITM","NEW RESIDENTIAL INVESTMENT CORP","Financial Institutions",911527.0,911123.0,-404.0,0.16941,0.16915,-0.00026,25.11,-10144.44,"SELL",1
"2025-05-22","US0454876006","ASB","ASB","ASSOCIATED BANC-CORP","Financial Institutions",971276.0,970844.0,-432.0,0.16774,0.16796,0.00022,23.4,-10108.8,"SELL",1
"2025-05-22","US25401T4058","DBRG-I","DBRG","DIGITALBRIDGE GROUP .15 CUMULATIVE","Financial Institutions",1041403.0,1040939.0,-464.0,0.16889,0.16747,-0.00142,21.76,-10096.64,"SELL",1
"2025-05-22","US9030025095","UMH-D","UMH","UMH PROPERTIES INC","Financial Institutions",1033302.0,1032842.0,-460.0,0.16745,0.16739,-6e-05,21.92,-10083.2,"SELL",1
"2025-05-22","US2538688225","DLR-L","DLR","DIGITAL REALTY TRUST INC","Financial Institutions",1117015.0,1116519.0,-496.0,0.16615,0.16683,0.00068,20.21,-10024.16,"SELL",1
"2025-05-22","US78409W2017","EIX-K","EIX","SCE TRUST V","Financial Institutions",971280.0,970848.0,-432.0,0.16336,0.16541,0.00205,23.04,-9953.28,"SELL",1
"2025-05-22","US74460W4208","PSA-R","PSA","PUBLIC STORAGE","Financial Institutions",1408481.0,1407857.0,-624.0,0.16452,0.16519,0.00067,15.87,-9902.88,"SELL",1
"2025-05-22","US7591EP8869","RF-E","RF","REGIONS FINL DRC CORP","Financial Institutions",1295071.0,1294495.0,-576.0,0.16353,0.16443,0.0009,17.18,-9895.68,"SELL",1
"2025-05-22","US14040H7338","COF-N","COF","CAPITAL ONE FINL DS REPSTG  TH PRF","Financial Institutions",1376030.0,1375418.0,-612.0,0.16154,0.1626,0.00106,15.99,-9785.88,"SELL",1
"2025-05-22","US03939A1079","ACGL-F","ACGL","ARCH CAPITAL GROUP LTD.","Financial Institutions",1068402.0,1067926.0,-476.0,0.16113,0.16099,-0.00014,20.39,-9705.64,"SELL",1
"2025-05-22","US55272X5086","MFA-C","MFA","MFA FINANCIAL INC","Financial Institutions",890390.0,889994.0,-396.0,0.16016,0.16049,0.00033,24.39,-9658.44,"SELL",1
"2025-05-22","US04686J2006","ATH-B","ATH","ATHENE HLDG DRC LTD","Financial Institutions",1117014.0,1116518.0,-496.0,0.16037,0.16023,-0.00014,19.41,-9627.36,"SELL",1
"2025-05-22","US9576384062","WAL-A","WAL","WESTERN ALLIANCE BANCORP","Financial Institutions",971280.0,970848.0,-432.0,0.15438,0.15433,-5e-05,21.5,-9288.0,"SELL",1
"2025-05-22","US74460W6443","PSA-H","PSA","PUBLIC STORAGE","Financial Institutions",922840.0,922432.0,-408.0,0.15337,0.15396,0.00059,22.58,-9212.64,"SELL",1
"2025-05-22","US48251K2096","KREF-A","KREF","KKR REAL ESTATE FINANCE TRUST INC","Financial Institutions",1061123.0,1060651.0,-472.0,0.15132,0.15245,0.00113,19.44,-9175.68,"SELL",1
"2025-05-22","US55261F8721","MTB-H","MTB","M AND T BANK PERPETUAL FIXED TO FL","Financial Institutions",809431.0,809071.0,-360.0,0.14824,0.14823,-1e-05,24.78,-8920.8,"SELL",1
"2025-05-22","US1258968528","CMS","CMS","CMS ENERGY CORPORATION","Utility",906506.0,906102.0,-404.0,0.14777,0.14712,-0.00065,21.96,-8871.84,"SELL",1
"2025-05-22","US74460W6286","PSA-I","PSA","PUBLIC STORAGE REPSTG  TH BEN INT","Financial Institutions",1023853.0,1023397.0,-456.0,0.14609,0.14649,0.0004,19.36,-8828.16,"SELL",1
"2025-05-22","US11271L1026","BNCN","BNCN","BROOKFIELD FINANCE INC","Financial Institutions",1295071.0,1294495.0,-576.0,0.14601,0.14624,0.00023,15.28,-8801.28,"SELL",1
"2025-05-22","US0082528508","AMG","AMG","AFFILIATED MANAGERS GROUP INC.","Financial Institutions",971280.0,970848.0,-432.0,0.14533,0.14614,0.00081,20.36,-8795.52,"SELL",1
"2025-05-22","US74460W6690","PSA-G","PSA","PUBLIC STORAGE","Financial Institutions",971280.0,970848.0,-432.0,0.14598,0.14586,-0.00012,20.32,-8778.24,"SELL",1
"2025-05-22","US8805913006","TVA","TVA","TENN VALLEY AUTHORITY","Agency",830397.0,830029.0,-368.0,0.14457,0.14489,0.00032,23.61,-8688.48,"SELL",1
"2025-05-22","US88224Q3056","TCBI-B","TCBI","TEXAS CAP BANCSHARES DRC INC","Financial Institutions",971280.0,970848.0,-432.0,0.14354,0.1432,-0.00034,19.95,-8618.4,"SELL",1
"2025-05-22","US25401T3068","DBRG-J","DBRG","DIGITALBRIDGE GROUP INC","Financial Institutions",941135.0,940735.0,-400.0,0.15035,0.14982,-0.00053,21.54,-8616.0,"SELL",1
"2025-05-22","US84857L3096","SR-A","SR","SPIRE INC","Utility",809431.0,809071.0,-360.0,0.14266,0.14267,1e-05,23.85,-8586.0,"SELL",1
"2025-05-22","US3733344408","SO","SO","GEORGIA POWER COMPANY","Utility",874194.0,873806.0,-388.0,0.14436,0.14213,-0.00223,22.0,-8536.0,"SELL",1
"2025-05-22","US16934Q5053","CIM-C","CIM","CHIMERA INVESTMENT CORP","Financial Institutions",841962.0,841590.0,-372.0,0.14248,0.14187,-0.00061,22.8,-8481.6,"SELL",1
"2025-05-22","US6374321056","NRUC","NRUC","NATIONAL RURAL UTILITIES COOPERATI","Utility",809431.0,809071.0,-360.0,0.14146,0.14015,-0.00131,23.43,-8434.8,"SELL",1
"2025-05-22","US90187B5075","TWO-C","TWO","TWO HARBORS INVESTMENT CORP","Financial Institutions",781989.0,781641.0,-348.0,0.13961,0.13968,7e-05,24.17,-8411.16,"SELL",1
"2025-05-22","US0844238057","WRB","WRB","WR BERKLEY CORPORATION","Financial Institutions",971280.0,970848.0,-432.0,0.13743,0.13818,0.00075,19.25,-8316.0,"SELL",1
"2025-05-22","US00123Q6098","AGNC-D","AGNC","AGNC INVESTMENT CORP","Financial Institutions",760992.0,760656.0,-336.0,0.13924,0.13908,-0.00016,24.73,-8309.28,"SELL",1
"2025-05-22","US74460W6856","PSA-F","PSA","PUBLIC STORAGE DS REPRESENTING  TH","Financial Institutions",906506.0,906102.0,-404.0,0.13765,0.13767,2e-05,20.55,-8302.2,"SELL",1
"2025-05-22","US90187B3096","TWO-B","TWO","TWO HARBORS INVESTMENT CORP","Financial Institutions",822419.0,822055.0,-364.0,0.13853,0.13839,-0.00014,22.77,-8288.28,"SELL",1
"2025-05-22","US0389238504","ABR-F","ABR","ARBOR REALTY TRUST INC","Financial Institutions",918071.0,917663.0,-408.0,0.13785,0.13658,-0.00127,20.13,-8213.04,"SELL",1
"2025-05-22","US0200028126","ALL-I","ALL","ALLSTATE CORPORATION (THE)","Financial Institutions",971280.0,970848.0,-432.0,0.13607,0.13588,-0.00019,18.93,-8177.76,"SELL",1
"2025-05-22","US06417N2027","OZK-A","OZK","BANK OZK","Financial Institutions",1133210.0,1132706.0,-504.0,0.13497,0.13466,-0.00031,16.08,-8104.32,"SELL",1
"2025-05-22","MHY0436Q1411","ATCO-H","ATCO","ATLAS CORP","Industrial",730541.0,730217.0,-324.0,0.13507,0.13505,-2e-05,25.01,-8103.24,"SELL",1
"2025-05-22","BMG053841703","AHL","AHL","ASPEN INSURANCE HOLDINGS LTD","Financial Institutions",728460.0,728136.0,-324.0,0.13227,0.13168,-0.00059,24.46,-7925.04,"SELL",1
"2025-05-22","US63938C4050","NAVI","NAVI","NAVIENT  PRCNT SENIOR NOTES EXP  D","Financial Institutions",971280.0,970848.0,-432.0,0.1314,0.13121,-0.00019,18.28,-7896.96,"SELL",1
"2025-05-22","US29364W1080","ETR","ETR","ENTERGY LOUISIANA LLC","Utility",874194.0,873806.0,-388.0,0.13022,0.13076,0.00054,20.24,-7853.12,"SELL",1
"2025-05-22","US3167738604","FITB-K","FITB","FIFTH THIRD BANCORP","Financial Institutions",842205.0,841833.0,-372.0,0.13119,0.13139,0.0002,21.11,-7852.92,"SELL",1
"2025-05-22","US25525P2065","DHC","DHC","DIVERSIFIED HEALTHCARE .625% SENIO","Financial Institutions",1133210.0,1132706.0,-504.0,0.12985,0.13014,0.00029,15.54,-7832.16,"SELL",1
"2025-05-22","US2836782092","KMI","KMI","EL PASO ENERGY CAPITAL TRUST I","Industrial",356979.0,356819.0,-160.0,0.12932,0.12898,-0.00034,48.89,-7822.4,"SELL",1
"2025-05-22","US58844R8503","MBIN","MBIN","MERCHANTS BANCORP","Financial Institutions",744576.0,744244.0,-332.0,0.12903,0.1287,-0.00033,23.39,-7765.48,"SELL",1
"2025-05-22","US1170436042","BC","BC","BRUNSWICK CORPORATION","Industrial",744576.0,744244.0,-332.0,0.1249,0.12661,0.00171,23.01,-7639.32,"SELL",1
"2025-05-22","US9290428286","VNO-M","VNO","VORNADO REALTY TRUST","Financial Institutions",1034461.0,1034001.0,-460.0,0.12657,0.1269,0.00033,16.6,-7636.0,"SELL",1
"2025-05-22","US8606308620","SF-D","SF","STIFEL FINANCIAL CORP","Financial Institutions",971280.0,970848.0,-432.0,0.12623,0.12655,0.00032,17.63,-7616.16,"SELL",1
"2025-05-22","US75968N3098","RNR-F","RNR","RENAISSANCERE HOLDINGS LTD","Financial Institutions",809431.0,809071.0,-360.0,0.12548,0.12622,0.00074,21.1,-7596.0,"SELL",1
"2025-05-22","US6378702053","NSA-A","NSA","NATIONAL STORAGE AFFILIATES REDEEM","Financial Institutions",730931.0,730607.0,-324.0,0.12639,0.12656,0.00017,23.43,-7591.32,"SELL",1
"2025-05-22","US4440973075","HPP-C","HPP","HUDSON PACIFIC PROPERTIES INC","Financial Institutions",1376041.0,1375429.0,-612.0,0.1293,0.12569,-0.00361,12.36,-7564.32,"SELL",1
"2025-05-22","US35243J2006","FBRT-E","FBRT","FRANKLIN BSP REALTY TRUST   CUMULA","Financial Institutions",835985.0,835613.0,-372.0,0.12611,0.12529,-0.00082,20.28,-7544.16,"SELL",1
"2025-05-22","US49446R7118","KIM-M","KIM","KIMCO RLTY DS REPRESENTING   CLASS","Financial Institutions",847063.0,846687.0,-376.0,0.12493,0.12501,8e-05,19.97,-7508.72,"SELL",1
"2025-05-22","US8606308703","SF-C","SF","STIFEL FINANCIAL CORP","Financial Institutions",728460.0,728136.0,-324.0,0.12429,0.12474,0.00045,23.17,-7507.08,"SELL",1
"2025-05-22","US29364N1081","ETR","ETR","ENTERGY MISSISSIPPI INC","Utility",841962.0,841590.0,-372.0,0.12573,0.12554,-0.00019,20.18,-7506.96,"SELL",1
"2025-05-22","US87161C6003","SNV-D","SNV","SYNOVUS FINANCIAL CORP.","Financial Institutions",673680.0,673380.0,-300.0,0.12364,0.12397,0.00033,24.9,-7470.0,"SELL",1
"2025-05-22","US25406P2002","DDS","DDS","DILLARDS CAP TR I CAP SECS 7.5%","Industrial",647490.0,647202.0,-288.0,0.12389,0.12394,5e-05,25.9,-7459.2,"SELL",1
"2025-05-22","US9290428443","VNO-L","VNO","VORNADO REALTY TRUST 5.4% CUM RED","Financial Institutions",971281.0,970849.0,-432.0,0.12207,0.1236,0.00153,17.22,-7439.04,"SELL",1
"2025-05-22","US10922N8891","BHF-D","BHF","BRIGHTHOUSE FINANCIAL INC","Financial Institutions",1133210.0,1132706.0,-504.0,0.12374,0.12202,-0.00172,14.57,-7343.28,"SELL",1
"2025-05-22","US75574U6064","RC","RC","READY CAPITAL CORP","Financial Institutions",667899.0,667603.0,-296.0,0.12095,0.12132,0.00037,24.58,-7275.68,"SELL",1
"2025-05-22","US3167738869","FITB-A","FITB","FIFTH THIRD BANCORP  DEPOSITORY SH","Financial Institutions",673685.0,673385.0,-300.0,0.12023,0.12053,0.0003,24.21,-7263.0,"SELL",1
"2025-05-22","US78440X5077","SLG-I","SLG","SL GREEN REALTY CORP","Financial Institutions",747195.0,746863.0,-332.0,0.12042,0.12038,-4e-05,21.8,-7237.6,"SELL",1
"2025-05-22","US37959E3009","GL","GL","GLOBE LIFE INC","Financial Institutions",1052251.0,1051783.0,-468.0,0.12019,0.11991,-0.00028,15.42,-7216.56,"SELL",1
"2025-05-22","US72346Q3020","PNFP-B","PNFP","PINNACLE FINANCIAL PARTNERS INC","Financial Institutions",729874.0,729574.0,-300.0,0.12955,0.12973,0.00018,24.05,-7215.0,"SELL",1
"2025-05-22","US11259P1093","BRBRPH","BRBRPH","BROOKFIELD BRP HOLDINGS (CANADA) I","Industrial",1133494.0,1132994.0,-500.0,0.12067,0.12021,-0.00046,14.35,-7175.0,"SELL",1
"2025-05-22","BMG053842040","AHL","AHL","ASPEN INSURANCE HOLDINGS LTD","Financial Institutions",842096.0,841724.0,-372.0,0.11916,0.11961,0.00045,19.22,-7149.84,"SELL",1
"2025-05-22","US9290428104","VNO-N","VNO","VORNADO REALTY TRUST","Financial Institutions",971281.0,970849.0,-432.0,0.11819,0.11879,0.0006,16.55,-7149.6,"SELL",1
"2025-05-22","US6740014096","OAK-B","OAK","OAKTREE CAPITAL GROUP LLC","Financial Institutions",760992.0,760656.0,-336.0,0.11786,0.11906,0.0012,21.17,-7113.12,"SELL",1
"2025-05-22","US16934Q6044","CIM-D","CIM","CHIMERA INVESTMENT CORP","Financial Institutions",647491.0,647203.0,-288.0,0.11856,0.1181,-0.00046,24.68,-7107.84,"SELL",1
"2025-05-22","US04621X3061","AIZ","AIZ","ASSURANT INC","Financial Institutions",809431.0,809071.0,-360.0,0.11803,0.11796,-7e-05,19.72,-7099.2,"SELL",1
"2025-05-22","US70931T5092","PMT-C","PMT","PENNYMAC MORTGAGE INVESTMENT TRUST","Financial Institutions",809431.0,809071.0,-360.0,0.11729,0.11748,0.00019,19.64,-7070.4,"SELL",1
"2025-05-22","US0605055831","BAC-1","BAC","BANK OF AMERICA CORPORATION PFD 1","Financial Institutions",770867.0,770527.0,-340.0,0.11808,0.11792,-0.00016,20.7,-7038.0,"SELL",1
"2025-05-22","US78442P5026","SLM-B","SLM","SLM CORP","Financial Institutions",203108.0,203016.0,-92.0,0.11376,0.11365,-0.00011,75.72,-6966.24,"SELL",1
"2025-05-22","US74460W5940","PSA-J","PSA","PUBLIC STORAGE DEP SHS REPSTG  TH","Financial Institutions",837738.0,837366.0,-372.0,0.11538,0.11546,8e-05,18.65,-6937.8,"SELL",1
"2025-05-22","US8805914095","TVA","TVA","TENN VALLEY AUTH","Agency",674613.0,674313.0,-300.0,0.1152,0.11519,-1e-05,23.11,-6933.0,"SELL",1
"2025-05-22","US05554M1009","BIP","BIP","BIP BERMUDA HOLDINGS I LTD","Financial Institutions",971280.0,970848.0,-432.0,0.11563,0.11513,-0.0005,16.04,-6929.28,"SELL",1
"2025-05-22","US2333318184","DTE","DTE","DTE ENERGY CO","Utility",906506.0,906102.0,-404.0,0.11507,0.11476,-0.00031,17.13,-6920.52,"SELL",1
"2025-05-22","US2538688308","DLR-K","DLR","DIGITAL REALTY TRUST INC","Financial Institutions",680022.0,679722.0,-300.0,0.11536,0.11579,0.00043,23.04,-6912.0,"SELL",1
"2025-05-22","US70931T4004","PMT-B","PMT","PENNYMAC MORTGAGE INVESTMENT TRUST","Financial Institutions",631374.0,631094.0,-280.0,0.11515,0.11511,-4e-05,24.67,-6907.6,"SELL",1
"2025-05-22","US25401T5048","DBRG-H","DBRG","DIGITALBRIDGE GROUP .125 CUMULATIV","Financial Institutions",707028.0,706716.0,-312.0,0.11384,0.11531,0.00147,22.07,-6885.84,"SELL",1
"2025-05-22","US0082528433","AMG","AMG","AFFILIATED MANAGERS GROUP INC.","Financial Institutions",926281.0,925869.0,-412.0,0.11347,0.11377,0.0003,16.62,-6847.44,"SELL",1
"2025-05-22","US3793785086","GNL-D","GNL","GLOBAL NET LEASE   CUMULATIVE REDE","Financial Institutions",667484.0,667188.0,-296.0,0.11345,0.1141,0.00065,23.13,-6846.48,"SELL",1
"2025-05-22","US74915M3088","QRTEA","QRTEA","QURATE RETAIL .0 CUMULATIVE REDEEM","Industrial",1029500.0,1029044.0,-456.0,0.10808,0.11412,0.00604,15.0,-6840.0,"SELL",1
"2025-05-22","US0844238701","WRB","WRB","WR BERKLEY CORPORATION","Financial Institutions",971280.0,970848.0,-432.0,0.11187,0.11233,0.00046,15.65,-6760.8,"SELL",1
"2025-05-22","US31959X2027","FCNCA","FCNCA","FIRST CITIZENS BANCSHARES   NON CU","Financial Institutions",672987.0,672687.0,-300.0,0.1117,0.11165,-5e-05,22.45,-6735.0,"SELL",1
"2025-05-22","BMG053841620","AHL","AHL","ASPEN INSURANCE HOLDINGS LTD","Financial Institutions",776632.0,776288.0,-344.0,0.10995,0.111,0.00105,19.34,-6652.96,"SELL",1
"2025-05-22","US38144X6094","GS-C","GS","GOLDMAN SACHS GROUP INC","Financial Institutions",673681.0,673381.0,-300.0,0.10793,0.10852,0.00059,21.8,-6540.0,"SELL",1
"2025-05-22","US74460W5783","PSA-K","PSA","PUBLIC STORAGE","Financial Institutions",773998.0,773654.0,-344.0,0.10906,0.10839,-0.00067,18.95,-6518.8,"SELL",1
"2025-05-22","US74460W5114","PSA-N","PSA","PUBLIC STORAGE DEP SHS REPSTG   PF","Financial Institutions",950828.0,950408.0,-420.0,0.10867,0.1087,3e-05,15.47,-6497.4,"SELL",1
"2025-05-22","US8606306079","SF","SF","STIFEL FINANCIAL CORP","Financial Institutions",728461.0,728137.0,-324.0,0.10792,0.10767,-0.00025,20.0,-6480.0,"SELL",1
"2025-05-22","US6496048736","ADAM-E","NYMT","NEW YORK MORTGAGE TRUST INC","Financial Institutions",594360.0,594096.0,-264.0,0.10686,0.10696,0.0001,24.35,-6428.4,"SELL",1
"2025-05-22","US1170434062","BC","BC","BRUNSWICK CORPORATION","Industrial",623174.0,622898.0,-276.0,0.10569,0.10712,0.00143,23.26,-6419.76,"SELL",1
"2025-05-22","US7472624003","QVCN","QVCN","QVC INC","Industrial",1619647.0,1618927.0,-720.0,0.10381,0.10605,0.00224,8.86,-6379.2,"SELL",1
"2025-05-22","US1258968601","CMS","CMS","CMS ENERGY CORPORATION","Utility",673685.0,673385.0,-300.0,0.10529,0.10515,-0.00014,21.12,-6336.0,"SELL",1
"2025-05-22","US9290427940","VNO-O","VNO","VORNADO REALTY TRUST","Financial Institutions",1011146.0,1010698.0,-448.0,0.1042,0.10521,0.00101,14.08,-6307.84,"SELL",1
"2025-05-22","US70931T7072","PMT","PMT","PENNYMAC MORTGAGE INVESTMENT TRUST","Financial Institutions",571896.0,571644.0,-252.0,0.10553,0.10558,5e-05,24.98,-6294.96,"SELL",1
"2025-05-22","US49446R7373","KIM-L","KIM","KIMCO REALTY CORPORATION","Financial Institutions",720562.0,720242.0,-320.0,0.10395,0.10432,0.00037,19.59,-6268.8,"SELL",1
"2025-05-22","US46131B5066","IVR-C","IVR","INVESCO MORTGAGE CAPITAL INC","Financial Institutions",577607.0,577351.0,-256.0,0.10271,0.10437,0.00166,24.45,-6259.2,"SELL",1
"2025-05-22","US5303075031","LBRDA","LBRDA","LIBERTY BROADBAND CUM REDEEMABLE P","Industrial",579997.0,579741.0,-256.0,0.10497,0.10446,-0.00051,24.37,-6238.72,"SELL",1
"2025-05-22","US2538688555","DLR-J","DLR","DIGITAL REALTY TRUST INC","Financial Institutions",671686.0,671390.0,-296.0,0.10373,0.10409,0.00036,20.97,-6207.12,"SELL",1
"2025-05-22","US04911A2069","AUB-A","AUB","ATLANTIC UNION BANKSHARES CORP","Financial Institutions",581177.0,580921.0,-256.0,0.10376,0.10304,-0.00072,23.99,-6141.44,"SELL",1
"2025-05-22","US25525P3055","DHC","DHC","DIVERSIFIED HEALTHCARE .25% SENIOR","Financial Institutions",842195.0,841823.0,-372.0,0.10183,0.1022,0.00037,16.42,-6108.24,"SELL",1
"2025-05-22","US55272X4097","MFA-B","MFA","MFA FINANCIAL INC","Financial Institutions",647491.0,647203.0,-288.0,0.10107,0.10075,-0.00032,21.06,-6065.28,"SELL",1
"2025-05-22","US4101204067","HWC","HWC","HANCOCK WHITNEY CORP","Financial Institutions",580649.0,580393.0,-256.0,0.10307,0.10148,-0.00159,23.65,-6054.4,"SELL",1
"2025-05-22","US74460W3960","PSA-S","PSA","PUBLIC STORAGE DEPOSITARY SHS EACH","Financial Institutions",841389.0,841017.0,-372.0,0.10108,0.10117,9e-05,16.27,-6052.44,"SELL",1
"2025-05-22","US89832Q8107","TFC-I","TFC","TRUIST FINANCIAL DS REPRESENTING","Financial Institutions",581168.0,580912.0,-256.0,0.10127,0.1014,0.00013,23.61,-6044.16,"SELL",1
"2025-05-22","MHY8564M2048","TGP-B","TGP","TEEKAY LNG PARTNERS LP","Industrial",533969.0,533733.0,-236.0,0.10137,0.10102,-0.00035,25.6,-6041.6,"SELL",1
"2025-05-22","BMG9078F1499","TRTN","TRTN","TRITON INTERNATIONAL LTD","Industrial",589528.0,589268.0,-260.0,0.09967,0.10029,0.00062,23.02,-5985.2,"SELL",1
"2025-05-22","US70509V8037","PEB-G","PEB","PEBBLEBROOK HOTEL TRUST","Financial Institutions",744577.0,744245.0,-332.0,0.0998,0.09916,-0.00064,18.02,-5982.64,"SELL",1
"2025-05-22","US2333318267","DTE","DTE","DTE ENERGY COMPANY","Utility",774719.0,774375.0,-344.0,0.09903,0.09899,-4e-05,17.29,-5947.76,"SELL",1
"2025-05-22","US0844237067","WRB","WRB","WR BERKLEY CORPORATION","Financial Institutions",623169.0,622893.0,-276.0,0.09822,0.09865,0.00043,21.42,-5911.92,"SELL",1
"2025-05-22","US0844238883","WRB","WRB","WR BERKLEY CORPORATION","Financial Institutions",809431.0,809071.0,-360.0,0.0958,0.09631,0.00051,16.1,-5796.0,"SELL",1
"2025-05-22","US11259P2083","BRBRPH","BRBRPH","BROOKFIELD BRP HOLDINGS (CANADA) I","Industrial",875027.0,874639.0,-388.0,0.09671,0.09648,-0.00023,14.92,-5788.96,"SELL",1
"2025-05-22","US6740013007","OAK-A","OAK","OAKTREE CAPITAL GROUP LLC","Financial Institutions",605885.0,605617.0,-268.0,0.09554,0.09667,0.00113,21.59,-5786.12,"SELL",1
"2025-05-22","US74460W5379","PSA-M","PSA","PUBLIC STORAGE","Financial Institutions",773998.0,773654.0,-344.0,0.09519,0.0957,0.00051,16.73,-5755.12,"SELL",1
"2025-05-22","US1258968379","CMS-C","CMS","CMS ENERGY CORPORATION","Utility",774717.0,774373.0,-344.0,0.09559,0.09538,-0.00021,16.66,-5731.04,"SELL",1
"2025-05-22","US11276B1098","BIP","BIP","BROOKFIELD INFRASTRUCTURE FINANCE","Utility",809431.0,809071.0,-360.0,0.09479,0.09499,0.0002,15.88,-5716.8,"SELL",1
"2025-05-22","US0389238769","ABR-D","ABR","ARBOR REALTY TRUST INC","Financial Institutions",744577.0,744245.0,-332.0,0.09358,0.09409,0.00051,17.1,-5677.2,"SELL",1
"2025-05-22","US8606307069","SF-B","SF","STIFEL FINANCIAL CORP","Financial Institutions",538905.0,538665.0,-240.0,0.09327,0.09383,0.00056,23.56,-5654.4,"SELL",1
"2025-05-22","US9508107052","WSBC-A","WSBC","WESBANCO INC","Financial Institutions",505258.0,505034.0,-224.0,0.09379,0.09417,0.00038,25.22,-5649.28,"SELL",1
"2025-05-22","US00123Q8565","AGNCL","AGNCL","AGNC INVESTMENT CORP","Financial Institutions",503760.0,503536.0,-224.0,0.0937,0.09352,-0.00018,25.12,-5626.88,"SELL",1
"2025-05-22","US4461507810","HBAN-C","HBAN","HUNTINGTON BANCSHARES INC","Financial Institutions",589058.0,588798.0,-260.0,0.09441,0.0942,-0.00021,21.64,-5626.4,"SELL",1
"2025-05-22","US9197944047","VLY-C","VLY","VALLEY NATIONAL BANCORP","Financial Institutions",505263.0,505039.0,-224.0,0.09338,0.09376,0.00038,25.11,-5624.64,"SELL",1
"2025-05-22","US0259328807","AFG","AFG","AMERICAN FINANCIAL GROUP INC","Financial Institutions",673680.0,673380.0,-300.0,0.09214,0.0925,0.00036,18.58,-5574.0,"SELL",1
"2025-05-22","US58844R7026","MBIN-C","MBIN","MERCHANTS BANCORP","Financial Institutions",635268.0,634988.0,-280.0,0.09318,0.09324,6e-05,19.86,-5560.8,"SELL",1
"2025-05-22","US17259U3032","CIONI","CIONI","CION INVESTMENT CORP","Financial Institutions",504797.0,504573.0,-224.0,0.09229,0.09222,-7e-05,24.72,-5537.28,"SELL",1
"2025-05-22","BMG162582313","BEPUCN","BEPUCN","BROOKFIELD RENEWABLE PARTNERS LP","Utility",646825.0,646525.0,-300.0,0.08531,0.08738,0.00207,18.28,-5484.0,"SELL",1
"2025-05-22","BMG162491648","BPY-A","BPY","BROOKFIELD PROPERTY PARTNERS LP","Industrial",930911.0,930499.0,-412.0,0.09085,0.09122,0.00037,13.26,-5463.12,"SELL",1
"2025-05-22","US38741L3050","GPMT-A","GPMT","GRANITE POINT MORTGAGE TRUST INC","Financial Institutions",666157.0,665861.0,-296.0,0.09067,0.09078,0.00011,18.44,-5458.24,"SELL",1
"2025-05-22","US0401284072","ARGO","BNRE","ARGO GROUP INTERNATIONAL HOLDINGS","Financial Institutions",485640.0,485424.0,-216.0,0.09044,0.09057,0.00013,25.23,-5449.68,"SELL",1
"2025-05-22","US3793783008","GNL-A","GNL","GLOBAL NET LEASE PREF SERIES A INC","Financial Institutions",550374.0,550130.0,-244.0,0.09037,0.09074,0.00037,22.31,-5443.64,"SELL",1
"2025-05-22","US78407R2040","EIX","EIX","SCE TRUST II CUM TRUST SECS P","Utility",712352.0,712036.0,-316.0,0.08953,0.08988,0.00035,17.07,-5394.12,"SELL",1
"2025-05-22","BMG162491564","BPY","BPY","BROOKFIELD PROPERTY PARTNERS LP","Industrial",822345.0,821981.0,-364.0,0.08979,0.08988,9e-05,14.79,-5383.56,"SELL",1
"2025-05-22","US58844R8842","MBIN","MBIN","MERCHANTS BANCORP","Financial Institutions",481703.0,481491.0,-212.0,0.08949,0.09039,0.0009,25.39,-5382.68,"SELL",1
"2025-05-22","BMG9078F1317","TRTN","TRTN","TRITON INTERNATIONAL LTD","Industrial",484134.0,483918.0,-216.0,0.0883,0.08866,0.00036,24.78,-5352.48,"SELL",1
"2025-05-22","US0605058157","BAC-E","BAC","BANK OF AMERICA CORP PREF STOCK","Financial Institutions",550422.0,550178.0,-244.0,0.0885,0.08851,1e-05,21.76,-5309.44,"SELL",1
"2025-05-22","US04914Y3009","ATLC","ATLC","ATLANTICUS HOLDINGS CORP","Financial Institutions",499289.0,499069.0,-220.0,0.08896,0.08904,8e-05,24.13,-5308.6,"SELL",1
"2025-05-22","US12740C2026","CADE-A","CADE","CADENCE BANK   NON CUMULATIVE PERP","Financial Institutions",579458.0,579202.0,-256.0,0.08868,0.08813,-0.00055,20.58,-5268.48,"SELL",1
"2025-05-22","US11259P3073","BRBRPH","BRBRPH","BROOKFIELD BRP HOLDINGS (CANADA) I","Industrial",498205.0,497985.0,-220.0,0.08666,0.088,0.00134,23.9,-5258.0,"SELL",1
"2025-05-22","US3205174028","FHN-E","FHN","FIRST HORIZON NATIONAL CORP","Financial Institutions",504831.0,504607.0,-224.0,0.08789,0.08756,-0.00033,23.47,-5257.28,"SELL",1
"2025-05-22","US04208T2078","AHH-A","AHH","ARMADA HOFFLER PROPERTIES INC","Financial Institutions",554073.0,553829.0,-244.0,0.09171,0.08812,-0.00359,21.52,-5250.88,"SELL",1
"2025-05-22","US87266M2061","TRTX-C","TRTX","TPG RE FIN TR PREF SERIES C INC TR","Financial Institutions",651714.0,651426.0,-288.0,0.08639,0.08662,0.00023,17.98,-5178.24,"SELL",1
"2025-05-22","US11276B2088","BIP","BIP","BROOKFIELD INFRASTRUCTURE FINANCE","Utility",511488.0,511260.0,-228.0,0.08395,0.08467,0.00072,22.4,-5107.2,"SELL",1
"2025-05-22","US04914Y4098","ATLC","ATLC","ATLANTICUS HOLDINGS CORP","Financial Institutions",534135.0,533935.0,-200.0,0.09947,0.09952,5e-05,25.21,-5042.0,"SELL",1
"2025-05-22","US0423156068","ARR-C","ARR","ARMOUR RESIDENTIAL REIT INC","Financial Institutions",554309.0,554065.0,-244.0,0.08327,0.0841,0.00083,20.53,-5009.32,"SELL",1
"2025-05-22","BMG9078F1564","TRTN-E","TRTN","TRITON INTERNATIONAL LTD","Industrial",589523.0,589263.0,-260.0,0.08244,0.0836,0.00116,19.19,-4989.4,"SELL",1
"2025-05-22","US00489Q2012","ACR-C","ACR","ACRES COMMERCIAL REALTY .625 FIXED","Financial Institutions",386975.0,386775.0,-200.0,0.07066,0.07123,0.00057,24.91,-4982.0,"SELL",1
"2025-05-22","US11272B1035","BNCN","BNCN","BROOKFIELD FINANCE I UK PLC","Financial Institutions",744576.0,744244.0,-332.0,0.08257,0.08254,-3e-05,15.0,-4980.0,"SELL",1
"2025-05-22","US70509V8862","PEB-H","PEB","PEBBLEBROOK HOTEL TRUST","Financial Institutions",671686.0,671390.0,-296.0,0.08312,0.0829,-0.00022,16.7,-4943.2,"SELL",1
"2025-05-22","US55272X7066","MFA","MFA","MFA FINANCIAL INC","Financial Institutions",383950.0,383750.0,-200.0,0.07025,0.07008,-0.00017,24.7,-4940.0,"SELL",1
"2025-05-22","US0259328641","AFG","AFG","AMERICAN FINANCIAL GROUP INC","Financial Institutions",673680.0,673380.0,-300.0,0.08148,0.0813,-0.00018,16.33,-4899.0,"SELL",1
"2025-05-22","US8163005031","SIGI-B","SIGI","SELECTIVE INS GROUP DS REPSTG   IN","Financial Institutions",647490.0,647202.0,-288.0,0.08054,0.08111,0.00057,16.95,-4881.6,"SELL",1
"2025-05-22","US05614L3087","BW","BW","BABCOCK & WILCOX ENTERPRISES INC","Industrial",650272.0,649984.0,-288.0,0.08312,0.08117,-0.00195,16.89,-4864.32,"SELL",1
"2025-05-22","BMG9078F1648","TRTN","TRTN","TRITON INTERNATIONAL LTD","Industrial",487125.0,486925.0,-200.0,0.08639,0.08694,0.00055,24.15,-4830.0,"SELL",1
"2025-05-22","US4884013081","KMPR","KMPR","KEMPER CORP","Financial Institutions",485640.0,485424.0,-216.0,0.08139,0.08003,-0.00136,22.3,-4816.8,"SELL",1
"2025-05-22","US16934Q3074","CIM-A","CIM","CHIMERA INVESTMENT CORP","Financial Institutions",486739.0,486523.0,-216.0,0.07938,0.08021,0.00083,22.3,-4816.8,"SELL",1
"2025-05-22","MHY0436Q1171","ATCO-D","ATCO","ATLAS .95% CUMULATIVE REDEEMABLE P","Industrial",428860.0,428668.0,-192.0,0.07942,0.07941,-1e-05,25.05,-4809.6,"SELL",1
"2025-05-22","US0605056250","BAC","BAC","BANK OF AMERICA CORP","Financial Institutions",529065.0,528829.0,-236.0,0.08046,0.07957,-0.00089,20.35,-4802.6,"SELL",1
"2025-05-22","US6496048819","ADAM-D","NYMT","NEW YORK MORTGAGE TRUST INC","Financial Institutions",494743.0,494523.0,-220.0,0.07952,0.07927,-0.00025,21.68,-4769.6,"SELL",1
"2025-05-22","USG162522670","BIP","BIP","BROOKFIELD INFRASTRUCTURE   CLASS","Utility",647490.0,647202.0,-288.0,0.07908,0.07926,0.00018,16.56,-4769.28,"SELL",1
"2025-05-22","BMG9078F2067","TRTN","TRTN","TRITON INTERNATIONAL LTD","Industrial",505263.0,505039.0,-224.0,0.07907,0.07946,0.00039,21.28,-4766.72,"SELL",1
"2025-05-22","US3765468000","GAIN","GAIN","GLADSTONE INVESTMENT CORP","Financial Institutions",436504.0,436312.0,-192.0,0.08032,0.08007,-0.00025,24.82,-4765.44,"SELL",1
"2025-05-22","US6496048652","ADAM-F","NYMT","NEW YORK MORTGAGE TRUST INC","Financial Institutions",483608.0,483392.0,-216.0,0.07826,0.07845,0.00019,21.95,-4741.2,"SELL",1
"2025-05-22","US3765468679","GAIN","GAIN","GLADSTONE INVESTMENT CORP","Financial Institutions",427664.0,427476.0,-188.0,0.07989,0.07968,-0.00021,25.21,-4739.48,"SELL",1
"2025-05-22","US97650W4050","WTFC-D","WTFC","WINTRUST FINANCIAL CORP","Financial Institutions",421003.0,420815.0,-188.0,0.07803,0.07812,9e-05,25.11,-4720.68,"SELL",1
"2025-05-22","US9478907036","WBS-G","WBS","WEBSTER FINANCIAL CORPORATION","Financial Institutions",454836.0,454636.0,-200.0,0.07939,0.07889,-0.0005,23.47,-4694.0,"SELL",1
"2025-05-22","US3765468836","GAIN","GAIN","GLADSTONE INVESTMENT CORP","Financial Institutions",457916.0,457712.0,-204.0,0.07803,0.07773,-0.0003,22.97,-4685.88,"SELL",1
"2025-05-22","US26884U2087","EPR-C","EPR","EPR PROPERTIES 5.75% CUM CONV PREF","Financial Institutions",454455.0,454255.0,-200.0,0.07751,0.07751,0.0,23.08,-4616.0,"SELL",1
"2025-05-22","US68003D3035","ONB-C","ONB","OLD NATIONAL BANCORP DEP SHS EACH","Financial Institutions",412571.0,412387.0,-184.0,0.07579,0.07607,0.00028,24.95,-4590.8,"SELL",1
"2025-05-22","US75574U8383","RC","RC","READY CAPITAL CORP","Financial Institutions",439832.0,439636.0,-196.0,0.07615,0.07606,-9e-05,23.4,-4586.4,"SELL",1
"2025-05-22","BMG162522756","BIP","BIP","BROOKFIELD INFRASTRUCTURE PARTNERS","Utility",647490.0,647202.0,-288.0,0.0769,0.07594,-0.00096,15.87,-4570.56,"SELL",1
"2025-05-22","US26884U5056","EPR-G","EPR","EPR PROPERTIES","Financial Institutions",505573.0,505349.0,-224.0,0.07451,0.07549,0.00098,20.2,-4524.8,"SELL",1
"2025-05-22","MHY8564M1131","TGP","TGP","TEEKAY LNG PARTNERS LP","Industrial",399321.0,399145.0,-176.0,0.07469,0.07543,0.00074,25.56,-4498.56,"SELL",1
"2025-05-22","US0259328724","AFG","AFG","AMERICAN FINANCIAL GROUP INC","Financial Institutions",505263.0,505039.0,-224.0,0.07445,0.07442,-3e-05,19.93,-4464.32,"SELL",1
"2025-05-22","US0082528359","AMG","AMG","AFFILIATED MANAGERS GROUP INC.","Financial Institutions",671686.0,671390.0,-296.0,0.07488,0.07471,-0.00017,15.05,-4454.8,"SELL",1
"2025-05-22","US0084922097","ADC-A","ADC","AGREE REALTY CORP","Financial Institutions",566611.0,566359.0,-252.0,0.07226,0.07307,0.00081,17.45,-4397.4,"SELL",1
"2025-05-22","US2635343070","CTVA","CTVA","E I DU PONT DE NEMOURS AND CO","Industrial",140681.0,140617.0,-64.0,0.07166,0.07124,-0.00042,68.52,-4385.28,"SELL",1
"2025-05-22","US3137452005","FRT-C","FRT","FEDERAL REALTY INVESTMENT DEPOSITA","Financial Institutions",485608.0,485392.0,-216.0,0.07234,0.07256,0.00022,20.22,-4367.52,"SELL",1
"2025-05-22","US8964427046","TRIN","TRIN","TRINITY CAPITAL INC","Financial Institutions",386236.0,386064.0,-172.0,0.07227,0.07224,-3e-05,25.31,-4353.32,"SELL",1
"2025-05-22","US8660826053","INN-E","INN","SUMMIT HOTEL PROPERTIES INC","Financial Institutions",518172.0,517944.0,-228.0,0.07539,0.07276,-0.00263,19.0,-4332.0,"SELL",1
"2025-05-22","US6475513080","NMFC","NMFC","NEW MOUNTAIN FINANCE CORP","Financial Institutions",386231.0,386059.0,-172.0,0.0717,0.07179,9e-05,25.15,-4325.8,"SELL",1
"2025-05-22","US9197942066","VLY-A","VLY","VALLEY NATIONAL BANCORP","Financial Institutions",386231.0,386059.0,-172.0,0.07121,0.07136,0.00015,25.0,-4300.0,"SELL",1
"2025-05-22","US28852N2080","EFC","EFC","ELLINGTON FINANCIAL INC","Financial Institutions",387597.0,387425.0,-172.0,0.07135,0.07161,0.00026,25.0,-4300.0,"SELL",1
"2025-05-22","US2527844003","DRH","DRH","DIAMONDROCK HOSPITALITY CO","Financial Institutions",385196.0,385024.0,-172.0,0.07122,0.07111,-0.00011,24.98,-4296.56,"SELL",1
"2025-05-22","US90187B2007","TWO-A","TWO","TWO HARBORS INVESTMENT CORP","Financial Institutions",418273.0,418089.0,-184.0,0.07138,0.07159,0.00021,23.16,-4261.44,"SELL",1
"2025-05-22","US70931T3014","PMT-A","PMT","PENNYMAC MORTGAGE INVESTMENT TRUST","Financial Institutions",386151.0,385979.0,-172.0,0.07063,0.07068,5e-05,24.77,-4260.44,"SELL",1
"2025-05-22","US6525267083","NEWT","NEWT","NEWTEK BUSINESS SERVICES CORP","Financial Institutions",387121.0,386949.0,-172.0,0.07057,0.07058,1e-05,24.67,-4243.24,"SELL",1
"2025-05-22","US02665T8687","AMH-H","AMH","AMERICAN HOMES 4 RENT","Financial Institutions",387597.0,387425.0,-172.0,0.06926,0.07006,0.0008,24.46,-4207.12,"SELL",1
"2025-05-22","US9478905055","WBS-F","WBS","WEBSTER FINANCIAL DRC CORP","Financial Institutions",505258.0,505034.0,-224.0,0.06985,0.07012,0.00027,18.78,-4206.72,"SELL",1
"2025-05-22","US2256552082","CCABDC","FCRX","CRESCENT CAPITAL BDC   NOTES DUE I","Financial Institutions",380619.0,380451.0,-168.0,0.07006,0.06987,-0.00019,24.84,-4173.12,"SELL",1
"2025-05-22","US0401301066","ARGO","ARGO","ARGO GROUP INTERNATIONAL HOLDINGS","Financial Institutions",465380.0,465172.0,-208.0,0.06874,0.06875,1e-05,19.99,-4157.92,"SELL",1
"2025-05-22","US9027882078","UMBF","UMBF","UMB FINANCIAL CORPORATION EACH REP","Financial Institutions",372416.0,372252.0,-164.0,0.06938,0.06947,9e-05,25.24,-4139.36,"SELL",1
"2025-05-22","US8678928040","SHO-H","SHO","SUNSTONE HOTEL INVESTORS INC","Financial Institutions",370390.0,370190.0,-200.0,0.05704,0.05635,-0.00069,20.59,-4118.0,"SELL",1
"2025-05-22","BMG162491499","BPY-A-1","BPY","BROOKFIELD PROPERTY PARTNERS LP","Industrial",619716.0,619440.0,-276.0,0.06774,0.0681,0.00036,14.87,-4104.12,"SELL",1
"2025-05-22","US5977423038","MSBI","MSBI","MIDLAND STATES BANCORP INC","Financial Institutions",386236.0,386064.0,-172.0,0.0673,0.06799,0.00069,23.82,-4097.04,"SELL",1
"2025-05-22","US28852N3070","EFC-B","EFC","ELLINGTON FINANCIAL INC","Financial Institutions",404670.0,404490.0,-180.0,0.06794,0.06798,4e-05,22.73,-4091.4,"SELL",1
"2025-05-22","US26817Q8785","DX-C","DX","DYNEX CAPITAL INC","Financial Institutions",361029.0,360869.0,-160.0,0.06801,0.06798,-3e-05,25.48,-4076.8,"SELL",1
"2025-05-22","MHY271831213","GSL","GSL","GLOBAL SHIP LEASE INC","Industrial",352896.0,352740.0,-156.0,0.0679,0.06794,4e-05,26.05,-4063.8,"SELL",1
"2025-05-22","US3205178656","FHN-F","FHN","FIRST HORIZON CORP (TENNESSEE)","Financial Institutions",522007.0,521775.0,-232.0,0.06756,0.0675,-6e-05,17.5,-4060.0,"SELL",1
"2025-05-22","US7588498896","REG-A","REG","REGENCY CENTERS   SERIES A CUMULAT","Financial Institutions",387357.0,387185.0,-172.0,0.06612,0.06699,0.00087,23.4,-4024.8,"SELL",1
"2025-05-22","US05580M8275","RILY","RILY","B. RILEY FINANCIAL INC","Financial Institutions",451833.0,451633.0,-200.0,0.06614,0.06702,0.00088,20.07,-4014.0,"SELL",1
"2025-05-22","US70509V7047","PEB-F","PEB","PEBBLEBROOK HOTEL TRUST","Financial Institutions",485619.0,485403.0,-216.0,0.06502,0.06654,0.00152,18.54,-4004.64,"SELL",1
"2025-05-22","US64944P3073","FLG","NYCB","NEW YORK COMMUNITY CAPITAL TRUST V","Financial Institutions",243561.0,243453.0,-108.0,0.0654,0.0667,0.0013,37.06,-4002.48,"SELL",1
"2025-05-22","US74460W4877","PSA-O","PSA","PUBLIC STORAGE","Financial Institutions",579508.0,579252.0,-256.0,0.06645,0.06677,0.00032,15.59,-3991.04,"SELL",1
"2025-05-22","US68003D2045","ONB-A","ONB","OLD NATIONAL BANCORP","Financial Institutions",363866.0,363706.0,-160.0,0.06747,0.06701,-0.00046,24.92,-3987.2,"SELL",1
"2025-05-22","KYG3730V1398","FTAI-C","FTAI","FTAI AVIATION   FIXED RATE RESET C","Financial Institutions",353411.0,353255.0,-156.0,0.06574,0.06618,0.00044,25.34,-3953.04,"SELL",1
"2025-05-22","US64828T3005","RITM-A","RITM","NEW RESIDENTIAL INVESTMENT CORP","Financial Institutions",352822.0,352666.0,-156.0,0.06586,0.06593,7e-05,25.29,-3945.24,"SELL",1
"2025-05-22","US0259328070","AFG","AFG","AMERICAN FINANCIAL GROUP INC","Financial Institutions",419737.0,419549.0,-188.0,0.06461,0.06508,0.00047,20.98,-3944.24,"SELL",1
"2025-05-22","US73317H2067","BPOP","BPOP","POPULAR CAPITAL TRUST II","Financial Institutions",352121.0,351965.0,-156.0,0.0663,0.06571,-0.00059,25.25,-3939.0,"SELL",1
"2025-05-22","US56029Q4082","MHLD","MHLD","MAIDEN HOLDINGS NORTH AMERICA LTD","Financial Institutions",513223.0,512995.0,-228.0,0.06526,0.06524,-2e-05,17.2,-3921.6,"SELL",1
"2025-05-22","US2298993070","CFR-B","CFR","CULLEN FROST BANKERS DRC INC","Financial Institutions",505258.0,505034.0,-224.0,0.06508,0.06506,-2e-05,17.43,-3904.32,"SELL",1
"2025-05-22","US05580M8192","RILY","RILY","B. RILEY FINANCIAL INC","Financial Institutions",1365929.0,1365321.0,-608.0,0.06402,0.0646,0.00058,6.4,-3891.2,"SELL",1
"2025-05-22","US7588498714","REG-B","REG","REGENCY CENTERS   SERIES B CUMULAT","Financial Institutions",386984.0,386812.0,-172.0,0.064,0.06469,0.00069,22.62,-3890.64,"SELL",1
"2025-05-22","US26884U3077","EPR-E","EPR","EPR PROPERTIES","Financial Institutions",290256.0,290128.0,-128.0,0.06448,0.06435,-0.00013,30.0,-3840.0,"SELL",1
"2025-05-22","US05580M7939","RILY","RILY","B. RILEY FINANCIAL INC","Financial Institutions",908405.0,908001.0,-404.0,0.06051,0.06337,0.00286,9.44,-3813.76,"SELL",1
"2025-05-22","US02665T8760","AMH-G","AMH","AMERICAN HOMES 4 RENT","Financial Institutions",372427.0,372263.0,-164.0,0.06261,0.06337,0.00076,23.02,-3775.28,"SELL",1
"2025-05-22","US12621E3018","CNO","CNO","CNO FINANCIAL GROUP INC","Financial Institutions",485641.0,485425.0,-216.0,0.06211,0.06266,0.00055,17.46,-3771.36,"SELL",1
"2025-05-22","US34988V3042","FOSL","FOSL","FOSSIL GROUP INC","Industrial",504831.0,504607.0,-224.0,0.06169,0.06201,0.00032,16.62,-3722.88,"SELL",1
"2025-05-22","US80349A8027","SAR","SAR","SARATOGA INVESTMENT CORP","Financial Institutions",341536.0,341384.0,-152.0,0.06181,0.06164,-0.00017,24.42,-3711.84,"SELL",1
"2025-05-22","US20786W5031","CNOB-A","CNOB","CONNECTONE BANCORP INC","Financial Institutions",372405.0,372241.0,-164.0,0.06184,0.06192,8e-05,22.5,-3690.0,"SELL",1
"2025-05-22","US28852N4060","EFC-C","EFC","ELLINGTON FINANCIAL INC","Financial Institutions",337138.0,336990.0,-148.0,0.06169,0.06169,0.0,24.76,-3664.48,"SELL",1
"2025-05-22","US3793784097","GNL-B","GNL","GLOBAL NET LEASE INC","Financial Institutions",387100.0,386928.0,-172.0,0.06066,0.06082,0.00016,21.26,-3656.72,"SELL",1
"2025-05-22","US75574U4085","RC","RC","READY CAPITAL   SENIOR NOTES DUE C","Financial Institutions",338621.0,338469.0,-152.0,0.05973,0.05985,0.00012,23.91,-3634.32,"SELL",1
"2025-05-22","US9197943056","VLY-B","VLY","VALLEY NATL NON CUM PERP PREF SERI","Financial Institutions",323757.0,323613.0,-144.0,0.06017,0.06021,4e-05,25.16,-3623.04,"SELL",1
"2025-05-22","US3131488435","FAMCA","FAMCA","FEDERAL AGRICULTURAL MORTGAGE CORP","Agency",402705.0,402525.0,-180.0,0.05912,0.05958,0.00046,20.02,-3603.6,"SELL",1
"2025-05-22","US25432X2018","DCOM","DCOM","DIME COMMUNITY BANCSHARES CUMULATI","Financial Institutions",445949.0,445753.0,-196.0,0.06053,0.06054,1e-05,18.37,-3600.52,"SELL",1
"2025-05-22","US20451Q4010","CODI-C","CODI","COMPASS DIVERSIFIED HOLDINGS","Financial Institutions",599205.0,598941.0,-264.0,0.05537,0.05996,0.00459,13.54,-3574.56,"SELL",1
"2025-05-22","US22948Q2003","CTO-A","CTO","CTO REALTY GROWTH INC","Financial Institutions",381590.0,381422.0,-168.0,0.05952,0.05978,0.00026,21.2,-3561.6,"SELL",1
"2025-05-22","US0389238686","ABR-E","ABR","ARBOR REALTY TRUST INC","Financial Institutions",465766.0,465558.0,-208.0,0.05623,0.05748,0.00125,16.7,-3473.6,"SELL",1
"2025-05-22","US3131488351","FAMCA","FAMCA","FEDERAL AGRICULTURAL MORTGAGE   NO","Agency",420598.0,420410.0,-188.0,0.05752,0.05738,-0.00014,18.46,-3470.48,"SELL",1
"2025-05-22","US16208T2015","CLDT-A","CLDT","CHATHAM LODGING TRUST","Financial Institutions",388543.0,388371.0,-172.0,0.05771,0.05772,1e-05,20.1,-3457.2,"SELL",1
"2025-05-22","US6943082064","PCG-A","PCG","PACIFIC GAS & ELEC CO","Utility",354386.0,354230.0,-156.0,0.05803,0.05804,1e-05,22.16,-3456.96,"SELL",1
"2025-05-22","US29364P1030","ETR","ETR","ENTERGY NEW ORLEANS INC","Utility",356126.0,355970.0,-156.0,0.05761,0.05758,-3e-05,21.88,-3413.28,"SELL",1
"2025-05-22","US0605055914","BAC","BAC","BANK OF AMERICA DEPOSITORY SHARES","Financial Institutions",354706.0,354550.0,-156.0,0.05667,0.05696,0.00029,21.73,-3389.88,"SELL",1
"2025-05-22","US20451Q3020","CODI-B","CODI","COMPASS DIVERSIFIED HOLDINGS FIXED","Financial Institutions",546475.0,546231.0,-244.0,0.05195,0.05589,0.00394,13.84,-3376.96,"SELL",1
"2025-05-22","US74460W4463","PSA-Q","PSA","PUBLIC STORAGE","Financial Institutions",491367.0,491151.0,-216.0,0.05663,0.05676,0.00013,15.63,-3376.08,"SELL",1
"2025-05-22","US00489Q3002","ACR-D","ACR","ACRES COMMERCIAL REALTY CORP","Financial Institutions",365018.0,364858.0,-160.0,0.05621,0.05657,0.00036,20.97,-3355.2,"SELL",1
"2025-05-22","US74348T5653","PSEC-A","PSEC","PROSPECT CAPITAL CORP","Financial Institutions",440949.0,440753.0,-196.0,0.05402,0.05537,0.00135,16.99,-3330.04,"SELL",1
"2025-05-22","US8043958797","BFS-E","BFS","SAUL CENTERS INC","Financial Institutions",356137.0,355977.0,-160.0,0.05424,0.05474,0.0005,20.8,-3328.0,"SELL",1
"2025-05-22","US29359U2087","ESGR-E","ESGR","ENSTAR GROUP LTD","Financial Institutions",365687.0,365523.0,-164.0,0.05429,0.05429,0.0,20.09,-3294.76,"SELL",1
"2025-05-22","US3131488682","FAMCA","FAMCA","FEDERAL AGRICULTURAL MORTGAGE CORP","Agency",336658.0,336510.0,-148.0,0.05369,0.05391,0.00022,21.67,-3207.16,"SELL",1
"2025-05-22","US14040H7742","COF-K","COF","CAPITAL ONE FINANCIAL CORPORATION","Financial Institutions",419742.0,419554.0,-188.0,0.0526,0.05287,0.00027,17.05,-3205.4,"SELL",1
"2025-05-22","US0454872047","ASB-E","ASB","ASSOCIATED BANC DEPOSITARY SHARES","Financial Institutions",350249.0,350093.0,-156.0,0.05264,0.05262,-2e-05,20.33,-3171.48,"SELL",1
"2025-05-22","US05614L5066","BW","BW","BABCOCK & WILCOX ENTERPRISES INC","Industrial",515606.0,515378.0,-228.0,0.0518,0.05289,0.00109,13.88,-3164.64,"SELL",1
"2025-05-22","US5290433094","LXP-C","LXP","LXP INDUSTRIAL TRUST","Financial Institutions",156730.0,156662.0,-68.0,0.053,0.05339,0.00039,46.09,-3134.12,"SELL",1
"2025-05-22","US7472623013","QVCN","QVCN","QVC INC","Industrial",757180.0,756844.0,-336.0,0.04887,0.0498,0.00093,8.9,-2990.4,"SELL",1
"2025-05-22","US05580M8010","RILY","RILY","B. RILEY FINANCIAL INC","Financial Institutions",606497.0,606229.0,-268.0,0.04475,0.04939,0.00464,11.02,-2953.36,"SELL",1
"2025-05-22","US0454874027","ASB-F","ASB","ASSOCIATED BANC-CORP","Financial Institutions",335988.0,335840.0,-148.0,0.04844,0.04889,0.00045,19.69,-2914.12,"SELL",1
"2025-05-22","US70509V6056","PEB-E","PEB","PEBBLEBROOK HOTEL TRUST","Financial Institutions",356314.0,356154.0,-160.0,0.04719,0.04735,0.00016,17.98,-2876.8,"SELL",1
"2025-05-22","US8678928875","SHO-I","SHO","SUNSTONE HOTEL INVESTORS INC","Financial Institutions",324054.0,323910.0,-144.0,0.04674,0.04714,0.0004,19.68,-2833.92,"SELL",1
"2025-05-22","US8660827044","INN-F","INN","SUMMIT HOTEL PROPERTIES INC","Financial Institutions",337138.0,336990.0,-148.0,0.04783,0.04759,-0.00024,19.1,-2826.8,"SELL",1
"2025-05-22","US05580M8358","RILY","RILY","B. RILEY FINANCIAL INC","Financial Institutions",861266.0,860882.0,-384.0,0.04145,0.04354,0.00209,6.84,-2626.56,"SELL",1
"2025-05-22","US75574U8870","RC-E","RC","READY CAPITAL CORP","Financial Institutions",378073.0,377905.0,-168.0,0.04332,0.04345,0.00013,15.55,-2612.4,"SELL",1
"2025-05-22","US5602923022","MHLD","MHLD","MAIDEN HOLDINGS LTD","Financial Institutions",356138.0,355978.0,-160.0,0.0387,0.03869,-1e-05,14.7,-2352.0,"SELL",1
"2025-05-22","US20451Q2030","CODI-A","CODI","COMPASS DIVERSIFIED HOLDINGS","Financial Institutions",393381.0,393205.0,-176.0,0.03272,0.0357,0.00298,12.28,-2161.28,"SELL",1
"2025-05-22","US05614L4077","BW-A","BW","BABCOCK & WILCOX ENTERPRISES INC","Industrial",620711.0,620435.0,-276.0,0.03198,0.03193,-5e-05,6.96,-1920.96,"SELL",1
"2025-05-22","US10482B2007","BHR-B","BHR","BRAEMAR HOTEL & RESORTS INC","Financial Institutions",249007.0,248895.0,-112.0,0.02545,0.02521,-0.00024,13.7,-1534.4,"SELL",1
"2025-05-22","US67623C2089","OPI","OPI","OFFICE PROPERTIES INCOME TRUST","Financial Institutions",524995.0,524763.0,-232.0,0.02387,0.02328,-0.00059,6.0,-1392.0,"SELL",1
"2025-05-22","US30258N5014","FATBP","FATBP","FAT BRANDS   CUM PRF SERIES B INC","Industrial",680637.0,680337.0,-300.0,0.01434,0.01341,-0.00093,2.67,-801.0,"SELL",1
"2025-05-22","US5835432023","SLNH-A","SLNH","SOLUNA HOLDINGS INC","Industrial",451713.0,451513.0,-200.0,0.01216,0.01279,0.00063,3.83,-766.0,"SELL",1
"2025-05-22","US29452E4089","EQH-C","EQH","EQUITABLE HOLDINGS INC","Financial Institutions",1031753.0,1031753.0,0.0,0.12349,0.1235,1e-05,16.19,0.0,"UNCHANGED",1
"2025-05-22","BMG8192H1557","SPNT-B","SPNT","SIRIUSPOINT LTD","Financial Institutions",664091.0,664091.0,0.0,0.12343,0.12363,0.0002,25.18,0.0,"UNCHANGED",1
"2025-05-22","US0625452075","BOH-A","BOH","BANK OF HAWAII CORP","Financial Institutions",587374.0,587374.0,0.0,0.06713,0.06579,-0.00134,15.15,0.0,"UNCHANGED",1
"2025-05-22","US3602713089","FULT-A","FULT","FULTON FINANCIAL CORPORATION","Financial Institutions",687890.0,687890.0,0.0,0.0925,0.09351,0.00101,18.39,0.0,"UNCHANGED",1
"2025-05-22","US1785872003","CIO-A","CIO","CITY OFFICE REIT INC","Financial Institutions",386633.0,386633.0,0.0,0.05471,0.05471,0.0,19.14,0.0,"UNCHANGED",1
"2025-05-22","US8964426055","TRIN","TRIN","TRINITY CAPITAL INC","Financial Institutions",389074.0,389074.0,0.0,0.07269,0.07275,6e-05,25.29,0.0,"UNCHANGED",1
"2025-05-22","US9388243076","WAFD-A","WAFD","WASHINGTON FEDERAL INC","Financial Institutions",1028313.0,1028313.0,0.0,0.12312,0.12438,0.00126,16.36,0.0,"UNCHANGED",1
"2025-05-22","US29452E2000","EQH-A","EQH","EQUITABLE HLDNGS  DRC REPRESENTING","Financial Institutions",2656491.0,2656491.0,0.0,0.3918,0.39105,-0.00075,19.91,0.0,"UNCHANGED",1
"2025-05-22","US46817M2061","JXN","JXN","JACKSON FINANCIAL INC","Financial Institutions",1826328.0,1826328.0,0.0,0.35226,0.3531,0.00084,26.15,0.0,"UNCHANGED",1
"2025-05-22","US0625403078","BOH","BOH","BANK OF HAWAII CORP","Financial Institutions",560156.0,560156.0,0.0,0.10552,0.10571,0.00019,25.52,0.0,"UNCHANGED",1
"2025-05-22","US7244795065","PBI","PBI","PITNEY BOWES INC","Industrial",1401734.0,1401734.0,0.0,0.20601,0.208,0.00199,20.07,0.0,"UNCHANGED",1
"2025-05-22","US3765493099","LAND-B","LAND","GLADSTONE LAND CORP","Financial Institutions",484854.0,484854.0,0.0,0.07309,0.07252,-0.00057,20.23,0.0,"UNCHANGED",1
