"date","isin","cusip","ticker","ticker_raw","name","sector","prior_shares","today_shares","shares_delta","prior_weight","today_weight","weight_delta","price","dollar_flow","flow_type","gap_days"
"2026-02-20","-","-","USD","USD","USD CASH","Cash and/or Derivatives",-9021775.0,-7692164.0,1329611.0,-0.06343,-0.05409,0.00934,100.0,132961100.0,"UNCHANGED",1
"2026-02-20","US0669224778","066922477","XTSLA","XTSLA","BLK CSH FND TREASURY SL AGENCY","Cash and/or Derivatives",81998304.0,83466294.0,1467990.0,0.57655,0.58694,0.01039,1.0,1467990.0,"UNCHANGED",1
"2026-02-20","US0970232049","097023204","BA","BA","BOEING CO","Industrial",8611641.0,8609729.0,-1912.0,4.49705,4.47421,-0.02284,73.9,-141296.8,"SELL",1
"2026-02-20","US9497468044","949746804","WFC-L","WFC","WELLS FARGO & COMPANY SERIES L","Financial Institutions",271760.0,271700.0,-60.0,2.40099,2.40068,-0.00031,1256.5,-75390.0,"SELL",1
"2026-02-20","US4461507570","446150757","HBANZ","HBANZ","HUNTINGTON BANCSHARES DEPOSITARY S","Financial Institutions",269826.0,272341.0,2515.0,0.04161,0.04198,0.00037,21.92,55128.8,"BUY",1
"2026-02-20","US0126532003","012653200","ALB","ALB","ALBEMARLE CORP","Industrial",3452905.0,3452139.0,-766.0,1.64508,1.65026,0.00518,67.98,-52072.68,"SELL",1
"2026-02-20","US5949728530","594972853","STRC","MSTR","MICROSTRATEGY  PERP STRETCH PRF SE","Industrial",2107002.0,2106534.0,-468.0,1.47643,1.47866,0.00223,99.82,-46715.76,"SELL",1
"2026-02-20","US1730802014","173080201","C","C","CITIGROUP CAPITAL XIII","Financial Institutions",6743761.0,6742263.0,-1498.0,1.40827,1.40956,0.00129,29.73,-44535.54,"SELL",1
"2026-02-20","US0605056821","060505682","BAC-L","BAC","BANK OF AMERICA CORP","Financial Institutions",153999.0,153965.0,-34.0,1.36006,1.35791,-0.00215,1254.2,-42642.8,"SELL",1
"2026-02-20","US48251W5004","48251W500","KKR-D","KKR","KKR & CO INC","Financial Institutions",3895572.0,3894706.0,-866.0,1.2123,1.20945,-0.00285,44.16,-38242.56,"SELL",1
"2026-02-20","US65339F6631","65339F663","NEE-S","NEE","NEXTERA ENERGY UNITS INC","Utility",3011131.0,3010463.0,-668.0,1.19758,1.20731,0.00973,57.03,-38096.04,"SELL",1
"2026-02-20","US8425878423","842587842","SO-A","SO","SOUTHERN COMPANY (THE)","Utility",3003614.0,3002914.0,-700.0,1.12268,1.11813,-0.00455,52.95,-37065.0,"SELL",1
"2026-02-20","US5950173022","595017302","MCHP","MCHP","MICROCHIP TECHNOLOGY INCORPORATED","Industrial",2235751.0,2235255.0,-496.0,1.06377,1.06885,0.00508,68.0,-33728.0,"SELL",1
"2026-02-20","US48128B6487","48128B648","JPM-EE","JPM","JPMORGAN CHASE & CO","Financial Institutions",5570483.0,5569245.0,-1238.0,0.98505,0.98456,-0.00049,25.14,-31123.32,"SELL",1
"2026-02-20","US03769M3043","03769M304","APO","APO","APOLLO GLOBAL MANAGEMENT INC","Financial Institutions",2164213.0,2163733.0,-480.0,0.94543,0.95645,0.01102,62.86,-30172.8,"SELL",1
"2026-02-20","US42824C2089","42824C208","HPE-A","HPE","HEWLETT PACKARD ENTERPRISE CONV PR","Industrial",2258289.0,2257787.0,-502.0,0.93778,0.93547,-0.00231,58.92,-29577.84,"SELL",1
"2026-02-20","US48128B6552","48128B655","JPM-DD","JPM","JPMORGAN CHASE & CO","Financial Institutions",5107519.0,5106385.0,-1134.0,0.89887,0.89771,-0.00116,25.0,-28350.0,"SELL",1
"2026-02-20","US65339F1194","65339F119","NEE-T","NEE","NEXTERA ENERGY UNITS INC","Utility",2258289.0,2257787.0,-502.0,0.83775,0.83751,-0.00024,52.75,-26480.5,"SELL",1
"2026-02-20","US48128B5232","48128B523","JPM-MM","JPM","JPMORGAN CHASE AND CO DS REPSTG  T","Financial Institutions",6022131.0,6020793.0,-1338.0,0.79096,0.78369,-0.00727,18.51,-24766.38,"SELL",1
"2026-02-20","US48128B5497","48128B549","JPM-LL","JPM","JPMORGAN CHASE NON-CUMULATIVE PREF","Financial Institutions",5570482.0,5569244.0,-1238.0,0.78608,0.78013,-0.00595,19.92,-24660.96,"SELL",1
"2026-02-20","US94988U1512","94988U151","WFC-Z","WFC","WELLS FARGO & COMPANY","Financial Institutions",5457493.0,5456281.0,-1212.0,0.77206,0.7739,0.00184,20.17,-24446.04,"SELL",1
"2026-02-20","US69331C3060","69331C306","PCG-A","PCG","PG&E CORPORATION","Utility",2423935.0,2423397.0,-538.0,0.75416,0.76448,0.01032,44.86,-24134.68,"SELL",1
"2026-02-20","US00206R7061","00206R706","T-C","T","AT&T INC","Industrial",5269420.0,5268250.0,-1170.0,0.72767,0.725,-0.00267,19.57,-22896.9,"SELL",1
"2026-02-20","US03990B3096","03990B309","ARES-B","ARES","ARES MANAGEMENT CORP","Financial Institutions",2258289.0,2257787.0,-502.0,0.67563,0.6546,-0.02103,41.23,-20697.46,"SELL",1
"2026-02-20","US5949728795","594972879","STRF","MSTR","MICROSTRATEGY  PERP STRIFE PRF SER","Industrial",936355.0,936155.0,-200.0,0.66403,0.66463,0.0006,100.96,-20192.0,"SELL",1
"2026-02-20","US00206R3003","00206R300","T","T","AT&T INC","Industrial",3982150.0,3981266.0,-884.0,0.6353,0.63608,0.00078,22.72,-20084.48,"SELL",1
"2026-02-20","US14040H8245","14040H824","COF-I","COF","CAPITAL ONE FINANCIAL CORPORATION","Financial Institutions",4516626.0,4515622.0,-1004.0,0.62832,0.63318,0.00486,19.94,-20019.76,"SELL",1
"2026-02-20","US48128B5802","48128B580","JPM-JJ","JPM","JPMORGAN CHASE DRC","Financial Institutions",4516578.0,4515574.0,-1004.0,0.6218,0.61952,-0.00228,19.51,-19588.04,"SELL",1
"2026-02-20","US10950A2050","10950A205","BTSG","BTSG","BRIGHTSPRING HEALTH SERVICES UNITS","Industrial",602180.0,602046.0,-134.0,0.57841,0.57836,-5e-05,136.61,-18305.74,"SELL",1
"2026-02-20","US38144G8042","38144G804","GS-D","GS","GOLDMAN SACHS GROUP INC","Financial Institutions",4064913.0,4064011.0,-902.0,0.5762,0.57471,-0.00149,20.11,-18139.22,"SELL",1
"2026-02-20","US61762V8384","61762V838","MS-Q","MS","MORGAN STANLEY","Financial Institutions",3011131.0,3010463.0,-668.0,0.55745,0.55803,0.00058,26.36,-17608.48,"SELL",1
"2026-02-20","US61762V8533","61762V853","MS-P","MS","MORGAN STANLEY","Financial Institutions",3011131.0,3010463.0,-668.0,0.54475,0.54343,-0.00132,25.67,-17147.56,"SELL",1
"2026-02-20","US00206R5081","00206R508","T-A","T","AT&T INC","Industrial",3613311.0,3612509.0,-802.0,0.53454,0.5355,0.00096,21.08,-16906.16,"SELL",1
"2026-02-20","US61761J4067","61761J406","MS-I","MS","MORGAN STANLEY DS REPRESENTING   F","Financial Institutions",3011132.0,3010464.0,-668.0,0.53416,0.53411,-5e-05,25.23,-16853.64,"SELL",1
"2026-02-20","US26441C5013","26441C501","DUK-A","DUK","DUKE ENERGY CORP","Utility",3011131.0,3010463.0,-668.0,0.53057,0.53073,0.00016,25.07,-16746.76,"SELL",1
"2026-02-20","US61762V6065","61762V606","MS-K","MS","MORGAN STANLEY","Financial Institutions",3011132.0,3010464.0,-668.0,0.52718,0.52692,-0.00026,24.89,-16626.52,"SELL",1
"2026-02-20","US0200028381","020002838","ALL-H","ALL","ALLSTATE CORPORATION (THE)","Financial Institutions",3462864.0,3462094.0,-770.0,0.52275,0.51978,-0.00297,21.35,-16439.5,"SELL",1
"2026-02-20","US5949728613","594972861","STRD","MSTR","MICROSTRATEGY  PERP STRIDE SER A P","Industrial",943925.0,943715.0,-210.0,0.50716,0.51265,0.00549,77.25,-16222.5,"SELL",1
"2026-02-20","US5949728878","594972887","STRK","MSTR","MICROSTRATEGY INCORPORATED","Industrial",1049148.0,1048948.0,-200.0,0.58203,0.59025,0.00822,80.02,-16004.0,"SELL",1
"2026-02-20","US61762V8616","61762V861","MS-O","MS","MORGAN STANLEY","Financial Institutions",3914373.0,3913503.0,-870.0,0.49623,0.49536,-0.00087,18.0,-15660.0,"SELL",1
"2026-02-20","US14040H7825","14040H782","COF-J","COF","CAPITAL ONE FINANCIAL CORPORATION","Financial Institutions",3763842.0,3763006.0,-836.0,0.49197,0.49536,0.00339,18.72,-15649.92,"SELL",1
"2026-02-20","US65339K8374","65339K837","NEE-U","NEE","NEXTERA ENERGY CAPITAL HOLDINGS IN","Utility",2634150.0,2633550.0,-600.0,0.47822,0.47835,0.00013,25.83,-15498.0,"SELL",1
"2026-02-20","US98389B8789","98389B878","XEL","XEL","XCEL ENERGY INC","Utility",2710125.0,2709525.0,-600.0,0.47638,0.47691,0.00053,25.03,-15018.0,"SELL",1
"2026-02-20","US0605052291","060505229","BAC-GG","BAC","BANK OF AMERICA CORP","Financial Institutions",2681426.0,2680830.0,-596.0,0.47511,0.47488,-0.00023,25.19,-15013.24,"SELL",1
"2026-02-20","US61747S5047","61747S504","MS","MS","MORGAN STANLEY","Financial Institutions",3312193.0,3311457.0,-736.0,0.46764,0.46806,0.00042,20.1,-14793.6,"SELL",1
"2026-02-20","US61762V2007","61762V200","MS-E","MS","MORGAN STANLEY","Financial Institutions",2597051.0,2596475.0,-576.0,0.46509,0.46505,-4e-05,25.47,-14670.72,"SELL",1
"2026-02-20","US61763E2072","61763E207","MS-F","MS","MORGAN STANLEY DS","Financial Institutions",2559408.0,2558840.0,-568.0,0.45547,0.45507,-0.0004,25.29,-14364.72,"SELL",1
"2026-02-20","US04686J8615","04686J861","ATH-A","ATH","ATHENE HOLDING DS REPRESENTING   P","Financial Institutions",2597061.0,2596485.0,-576.0,0.44866,0.4477,-0.00096,24.52,-14123.52,"SELL",1
"2026-02-20","US06053U6010","06053U601","BAC-KK","BAC","BANK AMER DS REPRESENTING   NON CU","Financial Institutions",2741382.0,2740774.0,-608.0,0.44551,0.44656,0.00105,23.17,-14087.36,"SELL",1
"2026-02-20","US1167942077","116794207","BRKR","BRKR","BRUKER CORPORATION","Industrial",207750.0,207704.0,-46.0,0.44583,0.44579,-4e-05,305.21,-14039.66,"SELL",1
"2026-02-20","US8425878001","842587800","SO","SO","SOUTHERN COMPANY (THE)","Utility",3011131.0,3010463.0,-668.0,0.4391,0.43927,0.00017,20.75,-13861.0,"SELL",1
"2026-02-20","US94988U1280","94988U128","WFC-AA","WFC","WELLS FARGO & COMPANY","Financial Institutions",3126988.0,3126294.0,-694.0,0.43489,0.43507,0.00018,19.79,-13734.26,"SELL",1
"2026-02-20","US82846H5046","82846H504","QXO","QXO","QXO INC","Industrial",865671.0,865479.0,-192.0,0.43532,0.43096,-0.00436,70.81,-13595.52,"SELL",1
"2026-02-20","US55261F8648","55261F864","MTB-J","MTB","M T BK DEP INT PERP PFD STK SER J","Financial Institutions",2258289.0,2257787.0,-502.0,0.42713,0.42661,-0.00052,26.87,-13488.74,"SELL",1
"2026-02-20","US95002Y4008","95002Y400","WFC-DD","WFC","WELLS FARGO & COMPANY","Financial Institutions",3338191.0,3337449.0,-742.0,0.42507,0.42479,-0.00028,18.1,-13430.2,"SELL",1
"2026-02-20","US59156R8503","59156R850","MET-F","MET","METLIFE INC","Financial Institutions",3011131.0,3010463.0,-668.0,0.4264,0.42424,-0.00216,20.04,-13386.72,"SELL",1
"2026-02-20","CA67000B2030","67000B203","NOVTV","NOVTV","NOVANTA TANGIBLE EQUITY UNITS INC","Industrial",954942.0,954730.0,-212.0,0.41978,0.42337,0.00359,63.06,-13368.72,"SELL",1
"2026-02-20","US59156R8768","59156R876","MET-E","MET","METLIFE INC","Financial Institutions",2423935.0,2423397.0,-538.0,0.415,0.41491,-9e-05,24.35,-13100.3,"SELL",1
"2026-02-20","US74913G8814","74913G881","CTL","CTL","QWEST CORP","Industrial",2943305.0,2942651.0,-654.0,0.41824,0.41365,-0.00459,19.99,-13073.46,"SELL",1
"2026-02-20","US9029731554","902973155","USB-B","USB","US BANCORP","Financial Institutions",3002371.0,3001705.0,-666.0,0.40637,0.40549,-0.00088,19.21,-12793.86,"SELL",1
"2026-02-20","US8085136005","808513600","SCHW-D","SCHW","CHARLES SCHWAB CORPORATION (THE)","Financial Institutions",2258290.0,2257788.0,-502.0,0.39966,0.39946,-0.0002,25.16,-12630.32,"SELL",1
"2026-02-20","US00775V1044","00775V104","AEGON","AEGON","AEGON FUNDING CORPORATION II","Financial Institutions",2785245.0,2784627.0,-618.0,0.39892,0.39751,-0.00141,20.3,-12545.4,"SELL",1
"2026-02-20","US0357108705","035710870","NLY-F","NLY","ANNALY CAPITAL MANAGEMENT INC","Financial Institutions",2167999.0,2167517.0,-482.0,0.39542,0.39599,0.00057,25.98,-12522.36,"SELL",1
"2026-02-20","US06055H2022","06055H202","BAC-LL","BAC","BANK OF AMERICA CORPORATION DEPOSI","Financial Institutions",2577462.0,2576890.0,-572.0,0.39226,0.39322,0.00096,21.7,-12412.4,"SELL",1
"2026-02-20","US82452J3077","82452J307","FOUR","FOUR","SHIFT4 PAYMENTS INC","Industrial",752711.0,752543.0,-168.0,0.39032,0.38679,-0.00353,73.09,-12279.12,"SELL",1
"2026-02-20","US48128B6222","48128B622","JPM-GG","JPM","JPMORGAN CHASE & CO","Financial Institutions",2702156.0,2701556.0,-600.0,0.38854,0.38755,-0.00099,20.4,-12240.0,"SELL",1
"2026-02-20","US0605051798","060505179","BAC-K","BAC","BANK OF AMERICA CORP","Financial Institutions",2079974.0,2079512.0,-462.0,0.3798,0.37918,-0.00062,25.93,-11979.66,"SELL",1
"2026-02-20","US89832Q6952","89832Q695","TFC-R","TFC","TRUIST FINANCIAL DRC CORP","Financial Institutions",2777237.0,2776621.0,-616.0,0.37805,0.37762,-0.00043,19.34,-11913.44,"SELL",1
"2026-02-20","US8168516040","816851604","SRE","SRE","SEMPRA ENERGY","Utility",2280892.0,2280386.0,-506.0,0.36613,0.36722,0.00109,22.9,-11587.4,"SELL",1
"2026-02-20","US7593518852","759351885","RGA","RGA","REINSURANCE GROUP OF AMERICA INCOR","Financial Institutions",2108308.0,2107858.0,-450.0,0.3786,0.37857,-3e-05,25.54,-11493.0,"SELL",1
"2026-02-20","US3453708378","345370837","F","F","FORD MOTOR COMPANY","Industrial",2408878.0,2408344.0,-534.0,0.36364,0.36395,0.00031,21.49,-11475.66,"SELL",1
"2026-02-20","US95002Y2028","95002Y202","WFC-CC","WFC","WELLS FARGO & COMPANY","Financial Institutions",2786783.0,2786165.0,-618.0,0.36112,0.3607,-0.00042,18.41,-11377.38,"SELL",1
"2026-02-20","US65339K8606","65339K860","NEE-N","NEE","NEXTERA ENERGY CAPITAL HOLDINGS IN","Utility",2070123.0,2069663.0,-460.0,0.35442,0.35424,-0.00018,24.34,-11196.4,"SELL",1
"2026-02-20","US3453708451","345370845","F","F","FORD MOTOR COMPANY","Industrial",2258290.0,2257788.0,-502.0,0.34536,0.34437,-0.00099,21.69,-10888.38,"SELL",1
"2026-02-20","US0200027888","020002788","ALL-J","ALL","ALLSTATE DEP REPSTG  TH NON CUM PE","Financial Institutions",1806640.0,1806238.0,-402.0,0.33802,0.3385,0.00048,26.65,-10713.3,"SELL",1
"2026-02-20","US03769M2052","03769M205","APO","APO","APOLLO GLOBAL MANAGEMENT INC","Financial Institutions",1801423.0,1801023.0,-400.0,0.33502,0.33575,0.00073,26.51,-10604.0,"SELL",1
"2026-02-20","US4932678430","493267843","KEY","KEY","KEYCORP","Financial Institutions",1806640.0,1806238.0,-402.0,0.32405,0.32395,-0.0001,25.5,-10251.0,"SELL",1
"2026-02-20","US2333317921","233331792","DTE-H","DTE","DTE ENERGY COMPANY","Utility",1806640.0,1806238.0,-402.0,0.32164,0.32122,-0.00042,25.29,-10166.58,"SELL",1
"2026-02-20","US06055H8060","06055H806","BAC-QQ","BAC","BANK OF AMERICA CORP","Financial Institutions",2562740.0,2562170.0,-570.0,0.32128,0.32099,-0.00029,17.82,-10157.4,"SELL",1
"2026-02-20","US38143Y6656","38143Y665","GS-A","GS","GOLDMAN SACHS GROUP INC","Financial Institutions",2251717.0,2251217.0,-500.0,0.32076,0.32057,-0.00019,20.25,-10125.0,"SELL",1
"2026-02-20","US1258968452","125896845","CMS","CMS","CMS ENERGY CORPORATION","Utility",1896979.0,1896557.0,-422.0,0.31691,0.31741,0.0005,23.8,-10043.6,"SELL",1
"2026-02-20","US94988U6560","94988U656","WFC-Y","WFC","WELLS FARGO & COMPANY","Financial Institutions",1821927.0,1821523.0,-404.0,0.31795,0.31818,0.00023,24.84,-10035.36,"SELL",1
"2026-02-20","US48251W6093","48251W609","KKR-T","KKR","KKR & CO INC","Financial Institutions",1776573.0,1776179.0,-394.0,0.31766,0.31725,-0.00041,25.4,-10007.6,"SELL",1
"2026-02-20","US87165B2025","87165B202","SYF-A","SYF","SYNCHRONY FINANCIAL","Financial Institutions",2251901.0,2251401.0,-500.0,0.31319,0.31395,0.00076,19.83,-9915.0,"SELL",1
"2026-02-20","US8425878670","842587867","SO","SO","SOUTHERN COMPANY (THE)","Utility",1701291.0,1700913.0,-378.0,0.31161,0.31158,-3e-05,26.05,-9846.9,"SELL",1
"2026-02-20","US21871X2080","21871X208","CRBG","CRBG","COREBRIDGE FINANCIAL INC","Financial Institutions",1801423.0,1801023.0,-400.0,0.31108,0.3113,0.00022,24.58,-9832.0,"SELL",1
"2026-02-20","US04686J8383","04686J838","ATH","ATH","ATHENE HOLDING LTD","Financial Institutions",1731390.0,1731006.0,-384.0,0.30994,0.30955,-0.00039,25.43,-9765.12,"SELL",1
"2026-02-20","US00123Q8722","00123Q872","AGNC-F","AGNC","AGNC INVESTMENT CORP","Financial Institutions",1731391.0,1731007.0,-384.0,0.3052,0.30577,0.00057,25.12,-9646.08,"SELL",1
"2026-02-20","US12542R3084","12542R308","CHSINC","CHSINC","CHS CUMULATIVE REDEEMABLE PREF CLA","Industrial",1615409.0,1615051.0,-358.0,0.29838,0.29801,-0.00037,26.24,-9393.92,"SELL",1
"2026-02-20","US0605051954","060505195","BAC-HH","BAC","BANK OF AMERICA DEP REPRESENTING","Financial Institutions",1680245.0,1679871.0,-374.0,0.29689,0.29662,-0.00027,25.11,-9391.14,"SELL",1
"2026-02-20","US8794337613","879433761","TDS-VV","TDS","TELEPHONE AND DATA SYSTEMS INC","Industrial",2077634.0,2077172.0,-462.0,0.29268,0.29491,0.00223,20.19,-9327.78,"SELL",1
"2026-02-20","US7838922018","783892201","EIX-M","EIX","SCE TRUST VII","Utility",1656109.0,1655741.0,-368.0,0.29321,0.29376,0.00055,25.23,-9284.64,"SELL",1
"2026-02-20","US8425878837","842587883","SO-C","SO","SOUTHERN COMPANY (THE)","Utility",2258289.0,2257787.0,-502.0,0.29169,0.29166,-3e-05,18.37,-9221.74,"SELL",1
"2026-02-20","US3453708113","345370811","F","F","FORD MOTOR COMPANY","Industrial",1806640.0,1806238.0,-402.0,0.28924,0.28756,-0.00168,22.64,-9101.28,"SELL",1
"2026-02-20","US7443208050","744320805","PRU","PRU","PRUDENTIAL FINANCIAL INC","Financial Institutions",1696346.0,1695970.0,-376.0,0.28751,0.28814,0.00063,24.16,-9084.16,"SELL",1
"2026-02-20","US9029737593","902973759","USB-K","USB","US BANCORP","Financial Institutions",1731391.0,1731007.0,-384.0,0.28706,0.28691,-0.00015,23.57,-9050.88,"SELL",1
"2026-02-20","US74913G8731","74913G873","CTL","CTL","QWEST CORP","Industrial",1987270.0,1986828.0,-442.0,0.28665,0.28418,-0.00247,20.34,-8990.28,"SELL",1
"2026-02-20","US12542R8034","12542R803","CHSINC","CHSINC","CHS INC","Industrial",1558215.0,1557869.0,-346.0,0.28102,0.28067,-0.00035,25.62,-8864.52,"SELL",1
"2026-02-20","US12542R7044","12542R704","CHSINC","CHSINC","CHS RESET RATE CUMULATIVE REDEEMAB","Industrial",1482132.0,1481782.0,-350.0,0.26178,0.26206,0.00028,25.15,-8802.5,"SELL",1
"2026-02-20","US0200023093","020002309","ALL","ALL","ALLSTATE CORPORATION (THE)","Financial Institutions",1505578.0,1505244.0,-334.0,0.27767,0.27807,0.0004,26.27,-8774.18,"SELL",1
"2026-02-20","US59156R5046","59156R504","MET-A","MET","METLIFE INC","Financial Institutions",1806640.0,1806238.0,-402.0,0.27692,0.27613,-0.00079,21.74,-8739.48,"SELL",1
"2026-02-20","US87165B4005","87165B400","SYF-B","SYF","SYNCHRONY FINANCIAL","Financial Institutions",1501281.0,1500947.0,-334.0,0.27508,0.27506,-2e-05,26.06,-8704.04,"SELL",1
"2026-02-20","US04686J5074","04686J507","ATH-E","ATH","ATHENE HLDG LTD DEP SHR REPSTG   I","Financial Institutions",1505578.0,1505244.0,-334.0,0.27587,0.27468,-0.00119,25.95,-8667.3,"SELL",1
"2026-02-20","US7591EP8604","7591EP860","RF","RF","REGIONS FINANCIAL CORPORATION","Financial Institutions",1501281.0,1500947.0,-334.0,0.27382,0.27347,-0.00035,25.91,-8653.94,"SELL",1
"2026-02-20","US05990K8412","05990K841","BANC-F","BANC","BANC OF CALIFORNIA INC","Financial Institutions",1540970.0,1540628.0,-342.0,0.2738,0.27399,0.00019,25.29,-8649.18,"SELL",1
"2026-02-20","US06055H4002","06055H400","BAC-NN","BAC","BANK OF AMERICA CORP","Financial Institutions",2118294.0,2117824.0,-470.0,0.27406,0.27388,-0.00018,18.39,-8643.3,"SELL",1
"2026-02-20","US0640588457","64058845","BK-K","BK","BANK OF NEW YORK MELLON CORP/THE","Financial Institutions",1501277.0,1500943.0,-334.0,0.27213,0.27231,0.00018,25.8,-8617.2,"SELL",1
"2026-02-20","US89832Q7455","89832Q745","TFC-O","TFC","TRUIST FINANCIAL PERPETUAL PREF SE","Financial Institutions",1726429.0,1726045.0,-384.0,0.26809,0.26764,-0.00045,22.05,-8467.2,"SELL",1
"2026-02-20","US4932677028","493267702","KEY-E","KEY","KEYCORP","Financial Institutions",1505579.0,1505245.0,-334.0,0.2673,0.26674,-0.00056,25.2,-8416.8,"SELL",1
"2026-02-20","US7591EP7044","7591EP704","RF-C","RF","REGIONS FINANCIAL CORPORATION","Financial Institutions",1501281.0,1500947.0,-334.0,0.26205,0.26207,2e-05,24.83,-8293.22,"SELL",1
"2026-02-20","US26441C4024","26441C402","DUK","DUK","DUKE ENERGY CORP","Utility",1505578.0,1505244.0,-334.0,0.2619,0.26272,0.00082,24.82,-8289.88,"SELL",1
"2026-02-20","US9029737189","902973718","USB-M","USB","US BANCORP","Financial Institutions",2251789.0,2251289.0,-500.0,0.26235,0.26201,-0.00034,16.55,-8275.0,"SELL",1
"2026-02-20","US97650W7020","97650W702","WTFC-F","WTFC","WINTRUST FINANCIAL CORPORATION","Financial Institutions",1279125.0,1278825.0,-300.0,0.23878,0.2393,0.00052,26.61,-7983.0,"SELL",1
"2026-02-20","US6494452021","649445202","FLG-A","FLG","NEW YORK COMMUNITY BANCORP INT FXD","Financial Institutions",1546256.0,1545912.0,-344.0,0.25321,0.25003,-0.00318,23.0,-7912.0,"SELL",1
"2026-02-20","US9029738666","902973866","USB-A","USB","US BANCORP","Financial Institutions",43821.0,43811.0,-10.0,0.24318,0.24277,-0.00041,788.0,-7880.0,"SELL",1
"2026-02-20","US14040H7585","14040H758","COF-L","COF","CAPITAL ONE FINANCIAL CORPORATION","Financial Institutions",2032452.0,2032000.0,-452.0,0.24551,0.24863,0.00312,17.4,-7864.8,"SELL",1
"2026-02-20","US3167736053","316773605","FITB-I","FITB","FIFTH THIRD BANCORP DEPOSITARY SHA","Financial Institutions",1351104.0,1350804.0,-300.0,0.24567,0.24631,0.00064,25.93,-7779.0,"SELL",1
"2026-02-20","US8574778556","857477855","STT-G","STT","STATE STREET CORP","Financial Institutions",1505579.0,1505245.0,-334.0,0.24475,0.24472,-3e-05,23.12,-7722.08,"SELL",1
"2026-02-20","US64828T7063","64828T706","RITM-D","RITM","NEW RESIDENTIAL INVESTMENT CORP","Financial Institutions",1400205.0,1399895.0,-310.0,0.24514,0.24487,-0.00027,24.88,-7712.8,"SELL",1
"2026-02-20","US55261F8499","55261F849","MTB-K","MTB","M&T BANK CORPORATION","Financial Institutions",1358850.0,1358550.0,-300.0,0.24364,0.24304,-0.0006,25.44,-7632.0,"SELL",1
"2026-02-20","US0357108473","035710847","NLY-I","NLY","ANNALY CAPITAL MANAGEMENT INC","Financial Institutions",1328583.0,1328287.0,-296.0,0.24054,0.24045,-9e-05,25.74,-7619.04,"SELL",1
"2026-02-20","US8085138654","808513865","SCHW-J","SCHW","CHARLES SCHWAB CORPORATION (THE)","Financial Institutions",1806640.0,1806238.0,-402.0,0.23996,0.23955,-0.00041,18.86,-7581.72,"SELL",1
"2026-02-20","US0082528276","008252827","AMG","AMG","AFFILIATED MANAGERS GROUP INC.","Financial Institutions",1351103.0,1350803.0,-300.0,0.23531,0.23491,-0.0004,24.73,-7419.0,"SELL",1
"2026-02-20","BMG1624R1079","-","BPY","BPY","BROOKFIELD PROPERTY PREFERRED PREF","Industrial",2020794.0,2020346.0,-448.0,0.2316,0.23243,0.00083,16.36,-7329.28,"SELL",1
"2026-02-20","US0357108622","035710862","NLY-G","NLY","ANNALY CAPITAL MANAGEMENT INC","Financial Institutions",1297063.0,1296775.0,-288.0,0.23128,0.23153,0.00025,25.39,-7312.32,"SELL",1
"2026-02-20","US1746106004","174610600","CFG-H","CFG","CITIZENS FINANCIAL GROUP INC","Financial Institutions",1220703.0,1220431.0,-272.0,0.22831,0.22786,-0.00045,26.55,-7221.6,"SELL",1
"2026-02-20","US74460W5528","74460W552","PSA-L","PSA","PUBLIC STORAGE","Financial Institutions",1701254.0,1700876.0,-378.0,0.22799,0.22761,-0.00038,19.03,-7193.34,"SELL",1
"2026-02-20","US12542R5063","12542R506","CHSINC","CHSINC","CHS INC","Industrial",1264683.0,1264403.0,-280.0,0.2264,0.2262,-0.0002,25.44,-7123.2,"SELL",1
"2026-02-20","US3167738372","316773837","FITBM","FITBM","FIFTH THIRD BANCORP DEPOSITARY SHA","Financial Institutions",1199044.0,1198778.0,-266.0,0.2219,0.22221,0.00031,26.36,-7011.76,"SELL",1
"2026-02-20","US61762V8046","61762V804","MS-L","MS","MORGAN STANLEY","Financial Institutions",1505578.0,1505244.0,-334.0,0.22199,0.22181,-0.00018,20.95,-6997.3,"SELL",1
"2026-02-20","US06055H6080","06055H608","BAC-PP","BAC","BANK OF AMERICA DRC CORP","Financial Institutions",1790126.0,1789728.0,-398.0,0.21926,0.21911,-0.00015,17.41,-6929.18,"SELL",1
"2026-02-20","US00123Q8078","00123Q807","AGNC-E","AGNC","AGNC INVESTMENT CORP","Financial Institutions",1211915.0,1211645.0,-270.0,0.21721,0.2171,-0.00011,25.48,-6879.6,"SELL",1
"2026-02-20","US1746108083","174610808","CFG-I","CFG","CITIZENS FINANCIAL GROUP INC","Financial Institutions",1204434.0,1204166.0,-268.0,0.21713,0.21694,-0.00019,25.62,-6866.16,"SELL",1
"2026-02-20","US8425874042","842587404","SO","SO","SOUTHERN COMPANY (THE)","Utility",1355047.0,1354747.0,-300.0,0.21399,0.21435,0.00036,22.5,-6750.0,"SELL",1
"2026-02-20","US7593518027","759351802","RGA","RGA","REINSURANCE GROUP OF AMERICA INCOR","Financial Institutions",1204434.0,1204166.0,-268.0,0.21324,0.21313,-0.00011,25.17,-6745.56,"SELL",1
"2026-02-20","US4932678687","493267868","KEY-G","KEY","KEYCORP","Financial Institutions",1355048.0,1354748.0,-300.0,0.21437,0.21359,-0.00078,22.42,-6726.0,"SELL",1
"2026-02-20","US8726521029","872652102","TPG","TPG","TPG OPERATING GROUP II LP","Financial Institutions",1204434.0,1204166.0,-268.0,0.21188,0.21195,7e-05,25.03,-6708.04,"SELL",1
"2026-02-20","US04686J4085","04686J408","ATH-D","ATH","ATHENE HOLDING DS REPRESENTING A","Financial Institutions",1731390.0,1731006.0,-384.0,0.21012,0.20985,-0.00027,17.24,-6620.16,"SELL",1
"2026-02-20","US74460W4612","74460W461","PSA-P","PSA","PUBLIC STORAGE","Financial Institutions",1817912.0,1817508.0,-404.0,0.20924,0.20909,-0.00015,16.36,-6609.44,"SELL",1
"2026-02-20","US87264A1051","87264A105","TMUS","TMUS","T-MOBILE USA INC","Industrial",1184820.0,1184556.0,-264.0,0.20843,0.20825,-0.00018,25.0,-6600.0,"SELL",1
"2026-02-20","US64828T5083","64828T508","RITM-C","RITM","NEW RESIDENTIAL INVESTMENT CORP","Financial Institutions",1197128.0,1196862.0,-266.0,0.20748,0.20704,-0.00044,24.6,-6543.6,"SELL",1
"2026-02-20","US4932678760","493267876","KEY-F","KEY","KEYCORP","Financial Institutions",1279691.0,1279407.0,-284.0,0.20119,0.20045,-0.00074,22.28,-6327.52,"SELL",1
"2026-02-20","US8794337878","879433787","TDS-UU","TDS","TELEPHONE DATA SYS DRC INC","Industrial",1264683.0,1264403.0,-280.0,0.19856,0.19846,-0.0001,22.32,-6249.6,"SELL",1
"2026-02-20","US48253M1045","48253M104","KKR","KKR","KKR GROUP FINANCE CO IX LLC","Financial Institutions",1524404.0,1524054.0,-350.0,0.19025,0.18905,-0.0012,17.64,-6174.0,"SELL",1
"2026-02-20","US8935266812","893526681","TRPCN","TRPCN","TRANSCANADA PIPELINES LTD","Industrial",1114245.0,1113997.0,-248.0,0.19559,0.19471,-0.00088,24.86,-6165.28,"SELL",1
"2026-02-20","US72348N3070","72348N307","PNFP-B","PNFP","PINNACLE FINANCIAL PARTNERS NON CU","Financial Institutions",1054815.0,1054581.0,-234.0,0.19446,0.19526,0.0008,26.33,-6161.22,"SELL",1
"2026-02-20","US87264A2042","87264A204","TMUS","TMUS","T-MOBILE USA INC","Industrial",1206799.0,1206531.0,-268.0,0.1938,0.19455,0.00075,22.93,-6145.24,"SELL",1
"2026-02-20","US78410V2007","78410V200","SCE-L","EIX","SCE TRUST VI","Financial Institutions",1430272.0,1429954.0,-318.0,0.19359,0.19307,-0.00052,19.2,-6105.6,"SELL",1
"2026-02-20","US0158578080","015857808","AQNCN","AQNCN","ALGONQUIN POWER & UTILITIES CORP","Utility",1053904.0,1053670.0,-234.0,0.19252,0.1922,-0.00032,25.94,-6069.96,"SELL",1
"2026-02-20","US1746104025","174610402","CFG-E","CFG","CITIZENS FINANCIAL GROUP INC","Financial Institutions",1351044.0,1350744.0,-300.0,0.19118,0.19187,0.00069,20.2,-6060.0,"SELL",1
"2026-02-20","US87264A3032","87264A303","TMUS","TMUS","T-MOBILE USA INC","Industrial",1188637.0,1188373.0,-264.0,0.19097,0.19103,6e-05,22.86,-6035.04,"SELL",1
"2026-02-20","US30190A2033","30190A203","FG","FG","F&G ANNUITIES & LIFE INC","Financial Institutions",1035816.0,1035586.0,-230.0,0.19132,0.19065,-0.00067,26.18,-6021.4,"SELL",1
"2026-02-20","US00123Q8318","00123Q831","AGNC-H","AGNC","AGNC INVESTMENT CORP","Financial Institutions",1038846.0,1038616.0,-230.0,0.19072,0.19062,-0.0001,26.1,-6003.0,"SELL",1
"2026-02-20","US2333318598","233331859","DTE-E","DTE","DTE ENERGY COMPANY","Utility",1204434.0,1204166.0,-268.0,0.18944,0.18917,-0.00027,22.34,-5987.12,"SELL",1
"2026-02-20","US06055H8714","06055H871","BAC-SS","BAC","BANK OF AMERICA CORP","Financial Institutions",1342049.0,1341751.0,-298.0,0.1892,0.18871,-0.00049,20.0,-5960.0,"SELL",1
"2026-02-20","US4461508230","446150823","HBAN-H","HBAN","HUNTINGTON BANCSHARES DRC INC","Financial Institutions",1501197.0,1500863.0,-334.0,0.1883,0.18818,-0.00012,17.83,-5955.22,"SELL",1
"2026-02-20","US03939A4040","03939A404","ACGL-G","ACGL","ARCH CAPITAL GROUP LTD.","Financial Institutions",1501281.0,1500947.0,-334.0,0.18726,0.18756,0.0003,17.77,-5935.18,"SELL",1
"2026-02-20","US14314C1053","14314C105","CG","CG","CARLYLE FINANCE LLC","Financial Institutions",1505578.0,1505244.0,-334.0,0.18695,0.18767,0.00072,17.73,-5921.82,"SELL",1
"2026-02-20","US29364D1000","29364D100","ETR","ETR","ENTERGY ARKANSAS LLC","Utility",1234559.0,1234285.0,-274.0,0.18602,0.18644,0.00042,21.48,-5885.52,"SELL",1
"2026-02-20","US7443208886","744320888","PRU","PRU","PRUDENTIAL FINANCIAL INC","Financial Institutions",1505579.0,1505245.0,-334.0,0.18526,0.18503,-0.00023,17.48,-5838.32,"SELL",1
"2026-02-20","US12542R2094","12542R209","CHSINC","CHSINC","CHS INC. (8% CUMULATIVE REDEEMABLE","Industrial",923768.0,923562.0,-206.0,0.18316,0.18321,5e-05,28.21,-5811.26,"SELL",1
"2026-02-20","US4165186036","416518603","HIG-G","HIG","HARTFORD FINANCIAL SERVICES GROUP","Financial Institutions",1035823.0,1035593.0,-230.0,0.18273,0.18228,-0.00045,25.03,-5756.9,"SELL",1
"2026-02-20","US30190A6091","30190A609","FG","FG","F&G ANNUITIES & LIFE INC","Financial Institutions",1144525.0,1144271.0,-254.0,0.18131,0.18234,0.00103,22.66,-5755.64,"SELL",1
"2026-02-20","US80620A2087","80620A208","EIX-N","EIX","SCE TRUST VIII","Utility",1053908.0,1053674.0,-234.0,0.18162,0.18198,0.00036,24.56,-5747.04,"SELL",1
"2026-02-20","US9029736686","902973668","USB-O","USB","US BANCORP","Financial Institutions",1351044.0,1350744.0,-300.0,0.17811,0.17762,-0.00049,18.7,-5610.0,"SELL",1
"2026-02-20","US00123Q5009","00123Q500","AGNC-C","AGNC","AGNC INVESTMENT CORP","Financial Institutions",978623.0,978405.0,-218.0,0.17746,0.17696,-0.0005,25.72,-5606.96,"SELL",1
"2026-02-20","US74965L2007","74965L200","RLJ-A","RLJ","RLJ LODGING .95 CUMULATIVE CONVERT","Financial Institutions",969542.0,969326.0,-216.0,0.17411,0.17409,-2e-05,25.54,-5516.64,"SELL",1
"2026-02-20","BMG7498P1279","-","RNR-G","RNR","RENAISSANCERE HOLDINGS LTD","Financial Institutions",1505578.0,1505244.0,-334.0,0.17387,0.17285,-0.00102,16.33,-5454.22,"SELL",1
"2026-02-20","US10922N7075","10922N707","BHF-C","BHF","BRIGHTHOUSE FINANCIAL INC","Financial Institutions",1754839.0,1754449.0,-390.0,0.17101,0.17075,-0.00026,13.84,-5397.6,"SELL",1
"2026-02-20","US6658598569","665859856","NTRS-E","NTRS","NORTHERN TRUST CORPORATION","Financial Institutions",1220702.0,1220430.0,-272.0,0.17063,0.17027,-0.00036,19.84,-5396.48,"SELL",1
"2026-02-20","US9027884058","902788405","UMBF","UMBF","UMB FINANCIAL CORPORATION","Financial Institutions",900706.0,900506.0,-200.0,0.17125,0.17066,-0.00059,26.95,-5390.0,"SELL",1
"2026-02-20","US8629452017","862945201","ASSE-A","ASSE","STRIVE INC","Industrial",249526.0,249470.0,-56.0,0.16331,0.16562,0.00231,94.41,-5286.96,"SELL",1
"2026-02-20","US16934Q4064","16934Q406","CIM-B","CIM","CHIMERA INVESTMENT CORP","Financial Institutions",978623.0,978405.0,-218.0,0.16604,0.16581,-0.00023,24.1,-5253.8,"SELL",1
"2026-02-20","US62913M2061","62913M206","NGL-B","NGL","NGL ENERGY PARTNERS LP","Industrial",946352.0,946142.0,-210.0,0.16518,0.16529,0.00011,24.84,-5216.4,"SELL",1
"2026-02-20","US9029737346","902973734","USB-L","USB","US BANCORP","Financial Institutions",1501187.0,1500853.0,-334.0,0.16514,0.16475,-0.00039,15.61,-5213.74,"SELL",1
"2026-02-20","US4461507737","446150773","HBAN-J","HBAN","HUNTINGTON BANCSHARES INC","Financial Institutions",975296.0,975096.0,-200.0,0.17583,0.17588,5e-05,25.65,-5130.0,"SELL",1
"2026-02-20","US3196263053","319626305","FCNCA","FCNCA","FIRST CITIZENS BANCSHARES INC.","Financial Institutions",1035760.0,1035530.0,-230.0,0.16044,0.15984,-0.0006,21.95,-5048.5,"SELL",1
"2026-02-20","US0256768591","025676859","ANGINC","ANGINC","AMERICAN NATIONAL GROUP INC","Financial Institutions",903299.0,903099.0,-200.0,0.16027,0.16029,2e-05,25.24,-5048.0,"SELL",1
"2026-02-20","US0454876006","045487600","ASB","ASB","ASSOCIATED BANC-CORP","Financial Institutions",903274.0,903074.0,-200.0,0.15846,0.15857,0.00011,24.97,-4994.0,"SELL",1
"2026-02-20","US7443208704","744320870","PRU","PRU","PRUDENTIAL FINANCIAL INC","Financial Institutions",903299.0,903099.0,-200.0,0.15802,0.15814,0.00012,24.9,-4980.0,"SELL",1
"2026-02-20","US10922N3017","10922N301","BHF-A","BHF","BRIGHTHOUSE FINANCIAL INC","Financial Institutions",1297085.0,1296797.0,-288.0,0.15623,0.15685,0.00062,17.2,-4953.6,"SELL",1
"2026-02-20","US9290892093","929089209","VOYA-B","VOYA","VOYA FINANCIAL INC","Financial Institutions",903299.0,903099.0,-200.0,0.15567,0.15629,0.00062,24.61,-4922.0,"SELL",1
"2026-02-20","US0357108218","035710821","NLY-J","NLY","ANNALY CAPITAL MANAGEMENT INC","Financial Institutions",828186.0,828002.0,-184.0,0.15362,0.15354,-8e-05,26.37,-4852.08,"SELL",1
"2026-02-20","US2538688225","253868822","DLR-L","DLR","DIGITAL REALTY TRUST INC","Financial Institutions",1038846.0,1038616.0,-230.0,0.15303,0.1533,0.00027,20.99,-4827.7,"SELL",1
"2026-02-20","US64828T4094","64828T409","RITM-B","RITM","NEW RESIDENTIAL INVESTMENT CORP","Financial Institutions",859282.0,859092.0,-190.0,0.15316,0.15296,-0.0002,25.32,-4810.8,"SELL",1
"2026-02-20","US14040H7338","14040H733","COF-N","COF","CAPITAL ONE FINL DS REPSTG  TH PRF","Financial Institutions",1279741.0,1279457.0,-284.0,0.1509,0.15169,0.00079,16.86,-4788.24,"SELL",1
"2026-02-20","US9030025095","903002509","UMH-D","UMH","UMH PROPERTIES INC","Financial Institutions",969172.0,968956.0,-216.0,0.15039,0.15083,0.00044,22.14,-4782.24,"SELL",1
"2026-02-20","US10922N5095","10922N509","BHF-B","BHF","BRIGHTHOUSE FINANCIAL INC","Financial Institutions",1228558.0,1228286.0,-272.0,0.15056,0.15176,0.0012,17.57,-4779.04,"SELL",1
"2026-02-20","US74460W4208","74460W420","PSA-R","PSA","PUBLIC STORAGE","Financial Institutions",1309865.0,1309575.0,-290.0,0.15067,0.15103,0.00036,16.4,-4756.0,"SELL",1
"2026-02-20","US7591EP8869","7591EP886","RF-E","RF","REGIONS FINL DRC CORP","Financial Institutions",1204384.0,1204116.0,-268.0,0.14997,0.14987,-0.0001,17.7,-4743.6,"SELL",1
"2026-02-20","US91529Y6014","91529Y601","UNM","UNM","UNUM GROUP","Financial Institutions",903299.0,903099.0,-200.0,0.1504,0.15045,5e-05,23.69,-4738.0,"SELL",1
"2026-02-20","US04686J2006","04686J200","ATH-B","ATH","ATHENE HLDG DRC LTD","Financial Institutions",1045608.0,1045376.0,-232.0,0.14843,0.14849,6e-05,20.2,-4686.4,"SELL",1
"2026-02-20","US03939A1079","03939A107","ACGL-F","ACGL","ARCH CAPITAL GROUP LTD.","Financial Institutions",993663.0,993443.0,-220.0,0.14805,0.14859,0.00054,21.27,-4679.4,"SELL",1
"2026-02-20","US9576384062","957638406","WAL-A","WAL","WESTERN ALLIANCE BANCORP","Financial Institutions",900706.0,900506.0,-200.0,0.14819,0.14812,-7e-05,23.39,-4678.0,"SELL",1
"2026-02-20","US10922N2027","10922N202","BHF","BHF","BRIGHTHOUSE FINANCIAL INC","Financial Institutions",1144526.0,1144272.0,-254.0,0.14357,0.14472,0.00115,17.98,-4566.92,"SELL",1
"2026-02-20","US74460W6443","74460W644","PSA-H","PSA","PUBLIC STORAGE","Financial Institutions",858191.0,858001.0,-190.0,0.14355,0.14318,-0.00037,23.73,-4508.7,"SELL",1
"2026-02-20","US1258968528","125896852","CMS","CMS","CMS ENERGY CORPORATION","Utility",843076.0,842888.0,-188.0,0.14197,0.14202,5e-05,23.96,-4504.48,"SELL",1
"2026-02-20","US88224Q3056","88224Q305","TCBI-B","TCBI","TEXAS CAP BANCSHARES DRC INC","Financial Institutions",900706.0,900506.0,-200.0,0.14059,0.14121,0.00062,22.3,-4460.0,"SELL",1
"2026-02-20","US55272X5086","55272X508","MFA-C","MFA","MFA FINANCIAL INC","Financial Institutions",828018.0,827834.0,-184.0,0.13763,0.13709,-0.00054,23.55,-4333.2,"SELL",1
"2026-02-20","US11271L1026","11271L102","BNCN","BNCN","BROOKFIELD FINANCE INC","Financial Institutions",1204434.0,1204166.0,-268.0,0.13643,0.13574,-0.00069,16.03,-4296.04,"SELL",1
"2026-02-20","US74460W6286","74460W628","PSA-I","PSA","PUBLIC STORAGE REPSTG  TH BEN INT","Financial Institutions",952267.0,952055.0,-212.0,0.13532,0.1355,0.00018,20.24,-4290.88,"SELL",1
"2026-02-20","US0082528508","008252850","AMG","AMG","AFFILIATED MANAGERS GROUP INC.","Financial Institutions",903299.0,903099.0,-200.0,0.13655,0.13616,-0.00039,21.44,-4288.0,"SELL",1
"2026-02-20","US05580M8192","05580M819","RILYI","RILY","B. RILEY FINANCIAL INC","Financial Institutions",1166944.0,1166684.0,-260.0,0.13325,0.13414,0.00089,16.35,-4251.0,"SELL",1
"2026-02-20","US55261F8721","55261F872","MTB-H","MTB","M AND T BANK PERPETUAL FIXED TO FL","Financial Institutions",752687.0,752519.0,-168.0,0.13363,0.13378,0.00015,25.28,-4247.04,"SELL",1
"2026-02-20","US4440973075","444097307","HPP-C","HPP","HUDSON PACIFIC PROPERTIES INC","Financial Institutions",1279741.0,1279457.0,-284.0,0.13452,0.13424,-0.00028,14.92,-4237.28,"SELL",1
"2026-02-20","US74460W6690","74460W669","PSA-G","PSA","PUBLIC STORAGE","Financial Institutions",903299.0,903099.0,-200.0,0.1342,0.13453,0.00033,21.18,-4236.0,"SELL",1
"2026-02-20","US64828T8889","64828T888","RITM-F","RITM","RITHM CAPITAL CORP","Financial Institutions",753051.0,752883.0,-168.0,0.13311,0.1331,-1e-05,25.14,-4223.52,"SELL",1
"2026-02-20","US3733344408","373334440","SO","SO","GEORGIA POWER COMPANY","Utility",813033.0,812853.0,-180.0,0.13394,0.13398,4e-05,23.44,-4219.2,"SELL",1
"2026-02-20","US8805913006","880591300","TVA-D","TVA","TENN VALLEY AUTHORITY","Agency",772203.0,772031.0,-172.0,0.13308,0.13317,9e-05,24.53,-4219.16,"SELL",1
"2026-02-20","US90187B3096","90187B309","TWO-B","TWO","TWO HARBORS INVESTMENT CORP","Financial Institutions",764748.0,764578.0,-170.0,0.13341,0.13323,-0.00018,24.78,-4212.6,"SELL",1
"2026-02-20","US6374321056","637432105","NRUC-US","NRUC","NATIONAL RURAL UTILITIES COOPERATI","Utility",752721.0,752553.0,-168.0,0.12935,0.13029,0.00094,24.62,-4136.16,"SELL",1
"2026-02-20","US25525P2065","25525P206","DHC","DHC","DIVERSIFIED HEALTHCARE .625% SENIO","Financial Institutions",1053904.0,1053670.0,-234.0,0.13161,0.13085,-0.00076,17.66,-4132.44,"SELL",1
"2026-02-20","US0844238057","084423805","WRB","WRB","WR BERKLEY CORPORATION","Financial Institutions",903299.0,903099.0,-200.0,0.13096,0.13114,0.00018,20.65,-4130.0,"SELL",1
"2026-02-20","US48251K2096","48251K209","KREF-A","KREF","KKR REAL ESTATE FINANCE TRUST INC","Financial Institutions",986891.0,986671.0,-220.0,0.12837,0.12836,-1e-05,18.5,-4070.0,"SELL",1
"2026-02-20","US90187B5075","90187B507","TWO-C","TWO","TWO HARBORS INVESTMENT CORP","Financial Institutions",727243.0,727081.0,-162.0,0.12778,0.12762,-0.00016,24.96,-4043.52,"SELL",1
"2026-02-20","US9508108878","950810887","WSBC-B","WSBC","WESBANCO INC","Financial Institutions",701841.0,701685.0,-156.0,0.12687,0.12745,0.00058,25.83,-4029.48,"SELL",1
"2026-02-20","US74460W6856","74460W685","PSA-F","PSA","PUBLIC STORAGE DS REPRESENTING  TH","Financial Institutions",843076.0,842888.0,-188.0,0.12667,0.1264,-0.00027,21.32,-4008.16,"SELL",1
"2026-02-20","US25401T4058","25401T405","DBRG-I","DBRG","DIGITALBRIDGE GROUP .15 CUMULATIVE","Financial Institutions",968581.0,968365.0,-216.0,0.12429,0.12584,0.00155,18.48,-3991.68,"SELL",1
"2026-02-20","US0200028126","020002812","ALL-I","ALL","ALLSTATE CORPORATION (THE)","Financial Institutions",903299.0,903099.0,-200.0,0.12617,0.12612,-5e-05,19.86,-3972.0,"SELL",1
"2026-02-20","US00123Q6098","00123Q609","AGNC-D","AGNC","AGNC INVESTMENT CORP","Financial Institutions",707603.0,707445.0,-158.0,0.12436,0.12427,-9e-05,24.98,-3946.84,"SELL",1
"2026-02-20","US06417N2027","06417N202","OZK-A","OZK","BANK OZK","Financial Institutions",1053879.0,1053645.0,-234.0,0.12508,0.12448,-0.0006,16.8,-3931.2,"SELL",1
"2026-02-20","US16934Q5053","16934Q505","CIM-C","CIM","CHIMERA INVESTMENT CORP","Financial Institutions",782910.0,782736.0,-174.0,0.12446,0.12434,-0.00012,22.59,-3930.66,"SELL",1
"2026-02-20","US63938C4050","63938C405","NAVI","NAVI","NAVIENT  PRCNT SENIOR NOTES EXP  D","Financial Institutions",903299.0,903099.0,-200.0,0.12385,0.12473,0.00088,19.64,-3928.0,"SELL",1
"2026-02-20","US58844R8503","58844R850","MBIN","MBIN","MERCHANTS BANCORP","Financial Institutions",692545.0,692391.0,-154.0,0.12237,0.12221,-0.00016,25.1,-3865.4,"SELL",1
"2026-02-20","US9290428286","929042828","VNO-M","VNO","VORNADO REALTY TRUST","Financial Institutions",962013.0,961799.0,-214.0,0.12135,0.12154,0.00019,17.97,-3845.58,"SELL",1
"2026-02-20","BMG053842040","-","AHL","AHL","ASPEN INSURANCE HOLDINGS LTD","Financial Institutions",841166.0,840980.0,-186.0,0.12083,0.12212,0.00129,20.65,-3840.9,"SELL",1
"2026-02-20","US75968N3098","75968N309","RNR-F","RNR","RENAISSANCERE HOLDINGS LTD","Financial Institutions",752711.0,752543.0,-168.0,0.12088,0.12092,4e-05,22.85,-3838.8,"SELL",1
"2026-02-20","US11259P1093","11259P109","BRBRPH","BRBRPH","BROOKFIELD BRP HOLDINGS (CANADA) I","Industrial",1053294.0,1053044.0,-250.0,0.11324,0.11308,-0.00016,15.27,-3817.5,"SELL",1
"2026-02-20","US29364W1080","29364W108","ETR","ETR","ENTERGY LOUISIANA LLC","Utility",813008.0,812828.0,-180.0,0.1207,0.12046,-0.00024,21.07,-3792.6,"SELL",1
"2026-02-20","US35243J2006","35243J200","FBRT-E","FBRT","FRANKLIN BSP REALTY TRUST   CUMULA","Financial Institutions",777524.0,777352.0,-172.0,0.12005,0.11971,-0.00034,21.9,-3766.8,"SELL",1
"2026-02-20","US37959E3009","37959E300","GL","GL","GLOBE LIFE INC","Financial Institutions",978622.0,978404.0,-218.0,0.11897,0.11868,-0.00029,17.25,-3760.5,"SELL",1
"2026-02-20","US72348N5059","72348N505","PNFP PR C","PNFP PR C","PINNACLE FINANCIAL PARTNERS DEPOSI","Financial Institutions",675500.0,675350.0,-150.0,0.11879,0.11887,8e-05,25.03,-3754.5,"SELL",1
"2026-02-20","US2836782092","283678209","KMI","KMI","EL PASO ENERGY CAPITAL TRUST I","Industrial",331998.0,331924.0,-74.0,0.11865,0.1182,-0.00045,50.64,-3747.36,"SELL",1
"2026-02-20","BMG053841703","-","AHL","AHL","ASPEN INSURANCE HOLDINGS LTD","Financial Institutions",677487.0,677337.0,-150.0,0.11909,0.11891,-0.00018,24.97,-3745.5,"SELL",1
"2026-02-20","US3193836000","319383600","BUSE-B","BUSE","FIRST BUSEY CORPORATION","Financial Institutions",647338.0,647194.0,-144.0,0.11834,0.11833,-1e-05,26.0,-3744.0,"SELL",1
"2026-02-20","US49446R7118","49446R711","KIM-M","KIM","KIMCO RLTY DS REPRESENTING   CLASS","Financial Institutions",787762.0,787588.0,-174.0,0.11765,0.11786,0.00021,21.28,-3702.72,"SELL",1
"2026-02-20","US9290428443","929042844","VNO-L","VNO","VORNADO REALTY TRUST 5.4% CUM RED","Financial Institutions",903299.0,903099.0,-200.0,0.11699,0.11717,0.00018,18.45,-3690.0,"SELL",1
"2026-02-20","US29364N1081","29364N108","ETR","ETR","ENTERGY MISSISSIPPI INC","Utility",782909.0,782735.0,-174.0,0.11615,0.11641,0.00026,21.15,-3680.1,"SELL",1
"2026-02-20","US8606308703","860630870","SF-C","SF","STIFEL FINANCIAL CORP","Financial Institutions",677487.0,677337.0,-150.0,0.11509,0.11541,0.00032,24.23,-3634.5,"SELL",1
"2026-02-20","US25401T3068","25401T306","DBRG-J","DBRG","DIGITALBRIDGE GROUP INC","Financial Institutions",874085.0,873885.0,-200.0,0.11136,0.11154,0.00018,18.15,-3630.0,"SELL",1
"2026-02-20","US9290428104","929042810","VNO-N","VNO","VORNADO REALTY TRUST","Financial Institutions",903299.0,903099.0,-200.0,0.11464,0.11463,-1e-05,18.05,-3610.0,"SELL",1
"2026-02-20","US1170436042","117043604","BC","BC","BRUNSWICK CORPORATION","Industrial",647363.0,647219.0,-144.0,0.11448,0.11346,-0.00102,24.93,-3589.92,"SELL",1
"2026-02-20","US04621X3061","04621X306","AIZ","AIZ","ASSURANT INC","Financial Institutions",752711.0,752543.0,-168.0,0.11314,0.11224,-0.0009,21.21,-3563.28,"SELL",1
"2026-02-20","US8606308620","860630862","SF-D","SF","STIFEL FINANCIAL CORP","Financial Institutions",903299.0,903099.0,-200.0,0.11191,0.11177,-0.00014,17.6,-3520.0,"SELL",1
"2026-02-20","US25406P2002","25406P200","DDS","DDS","DILLARDS CAP TR I CAP SECS 7.5%","Industrial",602180.0,602046.0,-134.0,0.11093,0.11105,0.00012,26.23,-3514.82,"SELL",1
"2026-02-20","US72348N2080","72348N208","PNFP PR A","PNFP PR A","PINNACLE FINANCIAL PARTNERS NON CU","Financial Institutions",621020.0,620882.0,-138.0,0.11069,0.11048,-0.00021,25.31,-3492.78,"SELL",1
"2026-02-20","US6740014096","674001409","OAK-B","OAK","OAKTREE CAPITAL GROUP LLC","Financial Institutions",707603.0,707445.0,-158.0,0.10896,0.10915,0.00019,21.94,-3466.52,"SELL",1
"2026-02-20","US0844238701","084423870","WRB","WRB","WR BERKLEY CORPORATION","Financial Institutions",903299.0,903099.0,-200.0,0.10931,0.10974,0.00043,17.28,-3456.0,"SELL",1
"2026-02-20","US8805914095","880591409","TVA-A","TVA","TENN VALLEY AUTH","Agency",627354.0,627214.0,-140.0,0.10816,0.10859,0.00043,24.62,-3446.8,"SELL",1
"2026-02-20","US78440X5077","78440X507","SLG-I","SLG","SL GREEN REALTY CORP","Financial Institutions",692545.0,692391.0,-154.0,0.10766,0.10785,0.00019,22.15,-3411.1,"SELL",1
"2026-02-20","US05554M1009","05554M100","BIP","BIP","BIP BERMUDA HOLDINGS I LTD","Financial Institutions",903299.0,903099.0,-200.0,0.1088,0.10828,-0.00052,17.05,-3410.0,"SELL",1
"2026-02-20","US2538688308","253868830","DLR-K","DLR","DIGITAL REALTY TRUST INC","Financial Institutions",632379.0,632239.0,-140.0,0.10766,0.10764,-2e-05,24.21,-3389.4,"SELL",1
"2026-02-20","US84857L7055","84857L705","SR","SR","SPIRE INC","Utility",602423.0,602289.0,-134.0,0.10611,0.10588,-0.00023,25.0,-3350.0,"SELL",1
"2026-02-20","US0605055831","060505583","BAC-1","BAC","BANK OF AMERICA CORPORATION PFD 1","Financial Institutions",752917.0,752749.0,-168.0,0.10508,0.10534,0.00026,19.9,-3343.2,"SELL",1
"2026-02-20","US74460W5940","74460W594","PSA-J","PSA","PUBLIC STORAGE DEP SHS REPSTG  TH","Financial Institutions",779084.0,778910.0,-174.0,0.10523,0.10519,-4e-05,19.2,-3340.8,"SELL",1
"2026-02-20","US3167738604","316773860","FITB-K","FITB","FIFTH THIRD BANCORP","Financial Institutions",750553.0,750387.0,-166.0,0.10544,0.10564,0.0002,20.02,-3323.32,"SELL",1
"2026-02-20","US3167738869","316773886","FITB-A","FITB","FIFTH THIRD BANCORP  DEPOSITORY SH","Financial Institutions",600491.0,600357.0,-134.0,0.10463,0.10461,-2e-05,24.78,-3320.52,"SELL",1
"2026-02-20","US0082528433","008252843","AMG","AMG","AFFILIATED MANAGERS GROUP INC.","Financial Institutions",839332.0,839146.0,-186.0,0.10528,0.10474,-0.00054,17.75,-3301.5,"SELL",1
"2026-02-20","US2333318184","233331818","DTE","DTE","DTE ENERGY CO","Utility",843051.0,842863.0,-188.0,0.10344,0.10337,-7e-05,17.44,-3278.72,"SELL",1
"2026-02-20","US70931T5092","70931T509","PMT-C","PMT","PENNYMAC MORTGAGE INVESTMENT TRUST","Financial Institutions",752712.0,752544.0,-168.0,0.10188,0.10293,0.00105,19.45,-3267.6,"SELL",1
"2026-02-20","US16934Q6044","16934Q604","CIM-D","CIM","CHIMERA INVESTMENT CORP","Financial Institutions",615170.0,615034.0,-136.0,0.10394,0.1038,-0.00014,24.0,-3264.0,"SELL",1
"2026-02-20","US3793785086","379378508","GNL-D","GNL","GLOBAL NET LEASE   CUMULATIVE REDE","Financial Institutions",597238.0,597106.0,-132.0,0.10288,0.10346,0.00058,24.64,-3252.48,"SELL",1
"2026-02-20","US6378702053","637870205","NSA-A","NSA","NATIONAL STORAGE AFFILIATES REDEEM","Financial Institutions",680213.0,680061.0,-152.0,0.10092,0.10114,0.00022,21.15,-3214.8,"SELL",1
"2026-02-20","US64828T8053","64828T805","RITM-E","RITM","RITHM CAPITAL CORP","Financial Institutions",579950.0,579822.0,-128.0,0.10198,0.10226,0.00028,25.08,-3210.24,"SELL",1
"2026-02-20","US78442P5026","78442P502","SLM-B","SLM","SLM CORP","Financial Institutions",188997.0,188955.0,-42.0,0.10065,0.10017,-0.00048,75.39,-3166.38,"SELL",1
"2026-02-20","US70509V8037","70509V803","PEB-G","PEB","PEBBLEBROOK HOTEL TRUST","Financial Institutions",692520.0,692366.0,-154.0,0.10147,0.1,-0.00147,20.54,-3163.16,"SELL",1
"2026-02-20","US1258968601","125896860","CMS","CMS","CMS ENERGY CORPORATION","Utility",609890.0,609754.0,-136.0,0.09884,0.09928,0.00044,23.15,-3148.4,"SELL",1
"2026-02-20","US70931T4004","70931T400","PMT-B","PMT","PENNYMAC MORTGAGE INVESTMENT TRUST","Financial Institutions",587197.0,587067.0,-130.0,0.09963,0.0997,7e-05,24.15,-3139.5,"SELL",1
"2026-02-20","US6496048736","649604873","ADAM-E","ADAM","NEW YORK MORTGAGE TRUST INC","Financial Institutions",561358.0,561234.0,-124.0,0.10057,0.09946,-0.00111,25.2,-3124.8,"SELL",1
"2026-02-20","US9290427940","929042794","VNO-O","VNO","VORNADO REALTY TRUST","Financial Institutions",914795.0,914591.0,-204.0,0.09815,0.09811,-4e-05,15.26,-3113.04,"SELL",1
"2026-02-20","US8606306079","860630607","SF","SF","STIFEL FINANCIAL CORP","Financial Institutions",677487.0,677337.0,-150.0,0.09894,0.09883,-0.00011,20.75,-3112.5,"SELL",1
"2026-02-20","US31959X2027","31959X202","FCNCA","FCNCA","FIRST CITIZENS BANCSHARES   NON CU","Financial Institutions",600492.0,600358.0,-134.0,0.09779,0.09794,0.00015,23.2,-3108.8,"SELL",1
"2026-02-20","US25525P3055","25525P305","DHC","DHC","DIVERSIFIED HEALTHCARE .25% SENIOR","Financial Institutions",762949.0,762779.0,-170.0,0.09812,0.09752,-0.0006,18.18,-3090.6,"SELL",1
"2026-02-20","US05580M7939","05580M793","RILYZ","RILY","B. RILEY FINANCIAL INC","Financial Institutions",603673.0,603539.0,-134.0,0.09762,0.09745,-0.00017,22.96,-3076.64,"SELL",1
"2026-02-20","BMG053841620","-","AHL","AHL","ASPEN INSURANCE HOLDINGS LTD","Financial Institutions",663930.0,663782.0,-148.0,0.09561,0.09653,0.00092,20.68,-3060.64,"SELL",1
"2026-02-20","US49446R7373","49446R737","KIM-L","KIM","KIMCO REALTY CORPORATION","Financial Institutions",670155.0,670007.0,-148.0,0.09707,0.09725,0.00018,20.64,-3054.72,"SELL",1
"2026-02-20","US74460W5783","74460W578","PSA-K","PSA","PUBLIC STORAGE","Financial Institutions",701376.0,701220.0,-156.0,0.09611,0.09606,-5e-05,19.48,-3038.88,"SELL",1
"2026-02-20","US74460W5114","74460W511","PSA-N","PSA","PUBLIC STORAGE DEP SHS REPSTG   PF","Financial Institutions",861440.0,861248.0,-192.0,0.09546,0.09569,0.00023,15.8,-3033.6,"SELL",1
"2026-02-20","US0844238883","084423888","WRB","WRB","WR BERKLEY CORPORATION","Financial Institutions",752711.0,752543.0,-168.0,0.09473,0.09473,0.0,17.9,-3007.2,"SELL",1
"2026-02-20","BMG9078F3057","-","TRTGV","TRTGV","TRITON INTL CUM RED PERP PREF SER","Industrial",527118.0,527000.0,-118.0,0.09427,0.09372,-0.00055,25.29,-2984.22,"SELL",1
"2026-02-20","US70931T7072","70931T707","PMT","PMT","PENNYMAC MORTGAGE INVESTMENT TRUST","Financial Institutions",526166.0,526050.0,-116.0,0.09419,0.09466,0.00047,25.59,-2968.44,"SELL",1
"2026-02-20","BMG9078F1499","-","TRTN-C","TRTN","TRITON INTERNATIONAL LTD","Industrial",533739.0,533621.0,-118.0,0.09371,0.09411,0.0004,25.08,-2959.44,"SELL",1
"2026-02-20","US10922N8891","10922N889","BHF-D","BHF","BRIGHTHOUSE FINANCIAL INC","Financial Institutions",1053879.0,1053645.0,-234.0,0.093,0.09321,0.00021,12.58,-2943.72,"SELL",1
"2026-02-20","US5303075031","530307503","LBRDA","LBRDA","LIBERTY BROADBAND CUM REDEEMABLE P","Industrial",540758.0,540638.0,-120.0,0.09121,0.09185,0.00064,24.16,-2899.2,"SELL",1
"2026-02-20","US78407R2040","78407R204","SCE-J","EIX","SCE TRUST II CUM TRUST SECS P","Utility",662421.0,662273.0,-148.0,0.08961,0.09081,0.0012,19.5,-2886.0,"SELL",1
"2026-02-20","US46131B5066","46131B506","IVR-C","IVR","INVESCO MORTGAGE CAPITAL INC","Financial Institutions",525922.0,525806.0,-116.0,0.09245,0.09193,-0.00052,24.86,-2883.76,"SELL",1
"2026-02-20","US55272X4097","55272X409","MFA-B","MFA","MFA FINANCIAL INC","Financial Institutions",602181.0,602047.0,-134.0,0.09031,0.09062,0.00031,21.41,-2868.94,"SELL",1
"2026-02-20","US0844237067","084423706","WRB","WRB","WR BERKLEY CORPORATION","Financial Institutions",556998.0,556874.0,-124.0,0.09045,0.09015,-0.0003,23.02,-2854.48,"SELL",1
"2026-02-20","US11276B1098","11276B109","BIP","BIP","BROOKFIELD INFRASTRUCTURE FINANCE","Utility",752711.0,752543.0,-168.0,0.08913,0.08959,0.00046,16.93,-2844.24,"SELL",1
"2026-02-20","US2538688555","253868855","DLR-J","DLR","DIGITAL REALTY TRUST INC","Financial Institutions",602181.0,602047.0,-134.0,0.08951,0.08971,0.0002,21.19,-2839.46,"SELL",1
"2026-02-20","US38741L3050","38741L305","GPMT-A","GPMT","GRANITE POINT MORTGAGE TRUST INC","Financial Institutions",619456.0,619318.0,-138.0,0.09033,0.08928,-0.00105,20.5,-2829.0,"SELL",1
"2026-02-20","US7472624003","747262400","QVCN","QVCN","QVC INC","Industrial",1506292.0,1505958.0,-334.0,0.08992,0.0897,-0.00022,8.47,-2828.98,"SELL",1
"2026-02-20","US4101204067","410120406","HWC","HWC","HANCOCK WHITNEY CORP","Financial Institutions",519345.0,519229.0,-116.0,0.08884,0.08883,-1e-05,24.33,-2822.28,"SELL",1
"2026-02-20","MHY8564M2048","-","TGP-B","TGP","TEEKAY LNG PARTNERS LP","Industrial",488489.0,488381.0,-108.0,0.08925,0.08922,-3e-05,25.98,-2805.84,"SELL",1
"2026-02-20","US74460W3960","74460W396","PSA-S","PSA","PUBLIC STORAGE DEPOSITARY SHS EACH","Financial Institutions",752686.0,752518.0,-168.0,0.08838,0.08821,-0.00017,16.67,-2800.56,"SELL",1
"2026-02-20","US11259P2083","11259P208","BRBRPH","BRBRPH","BROOKFIELD BRP HOLDINGS (CANADA) I","Industrial",782909.0,782735.0,-174.0,0.08852,0.08829,-0.00023,16.04,-2790.96,"SELL",1
"2026-02-20","US38144X6094","38144X609","GS-C","GS","GOLDMAN SACHS GROUP INC","Financial Institutions",609890.0,609754.0,-136.0,0.08767,0.08789,0.00022,20.5,-2788.0,"SELL",1
"2026-02-20","US4461507810","446150781","HBAN-C","HBAN","HUNTINGTON BANCSHARES INC","Financial Institutions",542358.0,542238.0,-120.0,0.08824,0.0885,0.00026,23.21,-2785.2,"SELL",1
"2026-02-20","US05580M8010","05580M801","RILYK","RILY","B. RILEY FINANCIAL INC","Financial Institutions",543615.0,543495.0,-120.0,0.08864,0.08848,-0.00016,23.15,-2778.0,"SELL",1
"2026-02-20","US1258968379","125896837","CMS-C","CMS","CMS ENERGY CORPORATION","Utility",692520.0,692366.0,-154.0,0.0876,0.08764,4e-05,18.0,-2772.0,"SELL",1
"2026-02-20","US20451Q4010","20451Q401","CODI-C","CODI","COMPASS DIVERSIFIED HOLDINGS","Financial Institutions",595169.0,595037.0,-132.0,0.08759,0.08691,-0.00068,20.77,-2741.64,"SELL",1
"2026-02-20","US9197944047","919794404","VLY-C","VLY","VALLEY NATIONAL BANCORP","Financial Institutions",464773.0,464669.0,-104.0,0.08595,0.08597,2e-05,26.31,-2736.24,"SELL",1
"2026-02-20","BMG162582313","-","BEPUCN","BEPUCN","BROOKFIELD RENEWABLE PARTNERS LP","Utility",600550.0,600400.0,-150.0,0.07753,0.07693,-0.0006,18.22,-2733.0,"SELL",1
"2026-02-20","US2333318267","233331826","DTE-G","DTE","DTE ENERGY COMPANY","Utility",692520.0,692366.0,-154.0,0.08648,0.08608,-0.0004,17.68,-2722.72,"SELL",1
"2026-02-20","BMG162491648","-","BPY-A","BPY","BROOKFIELD PROPERTY PARTNERS LP","Industrial",865646.0,865454.0,-192.0,0.0851,0.08539,0.00029,14.03,-2693.76,"SELL",1
"2026-02-20","US6740013007","674001300","OAK-A","OAK","OAKTREE CAPITAL GROUP LLC","Financial Institutions",549362.0,549240.0,-122.0,0.08583,0.08497,-0.00086,22.0,-2684.0,"SELL",1
"2026-02-20","US58844R7026","58844R702","MBIN-C","MBIN","MERCHANTS BANCORP","Financial Institutions",590661.0,590529.0,-132.0,0.08327,0.0837,0.00043,20.16,-2661.12,"SELL",1
"2026-02-20","US3793783008","379378300","GNL-A","GNL","GLOBAL NET LEASE PREF SERIES A INC","Financial Institutions",511816.0,511702.0,-114.0,0.0841,0.08388,-0.00022,23.31,-2657.34,"SELL",1
"2026-02-20","US11276B2088","11276B208","BIP","BIP","BROOKFIELD INFRASTRUCTURE FINANCE","Utility",475728.0,475622.0,-106.0,0.08309,0.08331,0.00022,24.91,-2640.46,"SELL",1
"2026-02-20","US8606307069","860630706","SF-B","SF","STIFEL FINANCIAL CORP","Financial Institutions",487959.0,487851.0,-108.0,0.08339,0.08362,0.00023,24.38,-2633.04,"SELL",1
"2026-02-20","US0605058157","060505815","BAC-E","BAC","BANK OF AMERICA CORP PREF STOCK","Financial Institutions",573429.0,573301.0,-128.0,0.0829,0.08269,-0.00021,20.51,-2625.28,"SELL",1
"2026-02-20","US0259328807","025932880","AFG","AFG","AMERICAN FINANCIAL GROUP INC","Financial Institutions",609890.0,609754.0,-136.0,0.08251,0.08237,-0.00014,19.21,-2612.56,"SELL",1
"2026-02-20","US20451Q3020","20451Q302","CODI-B","CODI","COMPASS DIVERSIFIED HOLDINGS FIXED","Financial Institutions",566374.0,566248.0,-126.0,0.08271,0.08254,-0.00017,20.73,-2611.98,"SELL",1
"2026-02-20","US25401T5048","25401T504","DBRG-H","DBRG","DIGITALBRIDGE GROUP .125 CUMULATIV","Financial Institutions",640587.0,640445.0,-142.0,0.08242,0.08264,0.00022,18.35,-2605.7,"SELL",1
"2026-02-20","US17259U3032","17259U303","CIONI","CIONI","CION INVESTMENT CORP","Financial Institutions",457763.0,457661.0,-102.0,0.08137,0.08165,0.00028,25.37,-2587.74,"SELL",1
"2026-02-20","US74460W5379","74460W537","PSA-M","PSA","PUBLIC STORAGE","Financial Institutions",692520.0,692366.0,-154.0,0.08224,0.0818,-0.00044,16.8,-2587.2,"SELL",1
"2026-02-20","BMG162491564","-","BPY-A2","BPY","BROOKFIELD PROPERTY PARTNERS LP","Industrial",752712.0,752544.0,-168.0,0.08097,0.08075,-0.00022,15.26,-2563.68,"SELL",1
"2026-02-20","US04914Y4098","04914Y409","ATLC","ATLC","ATLANTICUS HOLDINGS CORP","Financial Institutions",503835.0,503735.0,-100.0,0.09065,0.09072,7e-05,25.61,-2561.0,"SELL",1
"2026-02-20","US16934Q8693","16934Q869","CIM","CIM","CHIMERA INVESTMENT CORP","Financial Institutions",366264.0,366164.0,-100.0,0.0657,0.06592,0.00022,25.6,-2560.0,"SELL",1
"2026-02-20","BMG9078F1648","-","TRTN-D","TRTN","TRITON INTERNATIONAL LTD","Industrial",451675.0,451575.0,-100.0,0.08044,0.08047,3e-05,25.34,-2534.0,"SELL",1
"2026-02-20","US11259P3073","11259P307","BRBRPH","BRBRPH","BROOKFIELD BRP HOLDINGS (CANADA) I","Industrial",451649.0,451549.0,-100.0,0.08034,0.08034,0.0,25.3,-2530.0,"SELL",1
"2026-02-20","US05580M8358","05580M835","RILYM","RILY","B. RILEY FINANCIAL INC","Financial Institutions",661295.0,661149.0,-146.0,0.08137,0.08052,-0.00085,17.32,-2528.72,"SELL",1
"2026-02-20","US00489Q2012","00489Q201","ACR-C","ACR","ACRES COMMERCIAL REALTY .625 FIXED","Financial Institutions",363625.0,363525.0,-100.0,0.06449,0.06446,-3e-05,25.22,-2522.0,"SELL",1
"2026-02-20","US00123Q8565","00123Q856","AGNCL","AGNCL","AGNC INVESTMENT CORP","Financial Institutions",451625.0,451525.0,-100.0,0.07999,0.07989,-0.0001,25.16,-2516.0,"SELL",1
"2026-02-20","US55272X7066","55272X706","MFA","MFA","MFA FINANCIAL INC","Financial Institutions",350675.0,350575.0,-100.0,0.06231,0.06198,-0.00033,25.14,-2514.0,"SELL",1
"2026-02-20","US05614L4077","05614L407","BW-A","BW","BABCOCK & WILCOX ENTERPRISES INC","Industrial",577303.0,577175.0,-128.0,0.07984,0.07961,-0.00023,19.61,-2510.08,"SELL",1
"2026-02-20","US04208T2078","04208T207","AHH-A","AHH","ARMADA HOFFLER PROPERTIES INC","Financial Institutions",515142.0,515028.0,-114.0,0.07921,0.07932,0.00011,21.9,-2496.6,"SELL",1
"2026-02-20","US04914Y3009","04914Y300","ATLC","ATLC","ATLANTICUS HOLDINGS CORP","Financial Institutions",446206.0,446106.0,-100.0,0.07828,0.07827,-1e-05,24.95,-2495.0,"SELL",1
"2026-02-20","US3205174028","320517402","FHN-E","FHN","FIRST HORIZON NATIONAL CORP","Financial Institutions",451600.0,451500.0,-100.0,0.07904,0.07922,0.00018,24.95,-2495.0,"SELL",1
"2026-02-20","BMG9078F1317","-","TRTN-B","TRTN","TRITON INTERNATIONAL LTD","Industrial",432821.0,432725.0,-96.0,0.07788,0.07779,-9e-05,25.56,-2453.76,"SELL",1
"2026-02-20","US87266M2061","87266M206","TRTX-C","TRTX","TPG RE FIN TR PREF SERIES C INC TR","Financial Institutions",606013.0,605879.0,-134.0,0.07802,0.07797,-5e-05,18.3,-2452.2,"SELL",1
"2026-02-20","US58844R8842","58844R884","MBIN","MBIN","MERCHANTS BANCORP","Financial Institutions",429054.0,428958.0,-96.0,0.07693,0.07698,5e-05,25.52,-2449.92,"SELL",1
"2026-02-20","US0605056250","060505625","BAC-02","BAC","BANK OF AMERICA CORP","Financial Institutions",553952.0,553828.0,-124.0,0.07665,0.07661,-4e-05,19.67,-2439.08,"SELL",1
"2026-02-20","BMG9078F1564","-","TRTN-E","TRTN","TRITON INTERNATIONAL LTD","Industrial",526908.0,526790.0,-118.0,0.07613,0.07639,0.00026,20.62,-2433.16,"SELL",1
"2026-02-20","US70509V8862","70509V886","PEB-H","PEB","PEBBLEBROOK HOTEL TRUST","Financial Institutions",607145.0,607011.0,-134.0,0.07791,0.07709,-0.00082,18.06,-2420.04,"SELL",1
"2026-02-20","BMG9078F2067","-","TRTN","TRTN","TRITON INTERNATIONAL LTD","Industrial",451649.0,451549.0,-100.0,0.07641,0.07659,0.00018,24.12,-2412.0,"SELL",1
"2026-02-20","USG162522670","-","BIP-13","BIP","BROOKFIELD INFRASTRUCTURE   CLASS","Utility",600576.0,600442.0,-134.0,0.07517,0.076,0.00083,18.0,-2412.0,"SELL",1
"2026-02-20","US4884013081","488401308","KMPR","KMPR","KEMPER CORP","Financial Institutions",451649.0,451549.0,-100.0,0.0766,0.07656,-4e-05,24.11,-2411.0,"SELL",1
"2026-02-20","US0423156068","042315606","ARR-C","ARR","ARMOUR RESIDENTIAL REIT INC","Financial Institutions",516693.0,516579.0,-114.0,0.07735,0.07636,-0.00099,21.02,-2396.28,"SELL",1
"2026-02-20","US0259328641","025932864","AFG","AFG","AMERICAN FINANCIAL GROUP INC","Financial Institutions",609890.0,609754.0,-136.0,0.07543,0.07553,0.0001,17.61,-2394.96,"SELL",1
"2026-02-20","US11272B1035","11272B103","BNCN","BNCN","BROOKFIELD FINANCE I UK PLC","Financial Institutions",692545.0,692391.0,-154.0,0.07528,0.07488,-0.0004,15.38,-2368.52,"SELL",1
"2026-02-20","US8163005031","816300503","SIGI-B","SIGI","SELECTIVE INS GROUP DS REPSTG   IN","Financial Institutions",602020.0,601886.0,-134.0,0.07369,0.07386,0.00017,17.45,-2338.3,"SELL",1
"2026-02-20","US6496048819","649604881","ADAM-D","ADAM","NEW YORK MORTGAGE TRUST INC","Financial Institutions",462800.0,462698.0,-102.0,0.07419,0.07402,-0.00017,22.75,-2320.5,"SELL",1
"2026-02-20","BMG162522756","-","BIP-14","BIP","BROOKFIELD INFRASTRUCTURE PARTNERS","Utility",600040.0,599906.0,-134.0,0.07295,0.07298,3e-05,17.3,-2318.2,"SELL",1
"2026-02-20","US6496048652","649604865","ADAM-F","ADAM","NEW YORK MORTGAGE TRUST INC","Financial Institutions",436953.0,436855.0,-98.0,0.07232,0.07219,-0.00013,23.5,-2303.0,"SELL",1
"2026-02-20","US26884U2087","26884U208","EPR-C","EPR","EPR PROPERTIES 5.75% CUM CONV PREF","Financial Institutions",406490.0,406400.0,-90.0,0.07345,0.07305,-0.0004,25.56,-2300.4,"SELL",1
"2026-02-20","US89832Q8107","89832Q810","TFC-I","TFC","TRUIST FINANCIAL DS REPRESENTING","Financial Institutions",517920.0,517804.0,-116.0,0.07218,0.07195,-0.00023,19.76,-2292.16,"SELL",1
"2026-02-20","US9478907036","947890703","WBS-G","WBS","WEBSTER FINANCIAL CORPORATION","Financial Institutions",405264.0,405174.0,-90.0,0.07055,0.07075,0.0002,24.83,-2234.7,"SELL",1
"2026-02-20","US16934Q3074","16934Q307","CIM-A","CIM","CHIMERA INVESTMENT CORP","Financial Institutions",445739.0,445641.0,-98.0,0.07002,0.0702,0.00018,22.4,-2195.2,"SELL",1
"2026-02-20","US3765468836","376546883","GAIN","GAIN","GLADSTONE INVESTMENT CORP","Financial Institutions",405137.0,405047.0,-90.0,0.06851,0.06864,0.00013,24.1,-2169.0,"SELL",1
"2026-02-20","US9478905055","947890505","WBS-F","WBS","WEBSTER FINANCIAL DRC CORP","Financial Institutions",451600.0,451500.0,-100.0,0.06881,0.06871,-0.0001,21.64,-2164.0,"SELL",1
"2026-02-20","US8678928040","867892804","SHO-H","SHO","SUNSTONE HOTEL INVESTORS INC","Financial Institutions",343927.0,343827.0,-100.0,0.05197,0.0522,0.00023,21.59,-2159.0,"SELL",1
"2026-02-20","US3765468000","376546800","GAIN","GAIN","GLADSTONE INVESTMENT CORP","Financial Institutions",390255.0,390169.0,-86.0,0.06871,0.0687,-1e-05,25.04,-2153.44,"SELL",1
"2026-02-20","US3765468679","376546867","GAIN","GAIN","GLADSTONE INVESTMENT CORP","Financial Institutions",380924.0,380840.0,-84.0,0.06824,0.06824,0.0,25.48,-2140.32,"SELL",1
"2026-02-20","US26884U5056","26884U505","EPR-G","EPR","EPR PROPERTIES","Financial Institutions",451650.0,451550.0,-100.0,0.06729,0.06782,0.00053,21.36,-2136.0,"SELL",1
"2026-02-20","US0082528359","008252835","AMG","AMG","AFFILIATED MANAGERS GROUP INC.","Financial Institutions",615174.0,615038.0,-136.0,0.06821,0.06773,-0.00048,15.66,-2129.76,"SELL",1
"2026-02-20","US0259328724","025932872","AFG","AFG","AMERICAN FINANCIAL GROUP INC","Financial Institutions",451649.0,451549.0,-100.0,0.06716,0.06711,-5e-05,21.14,-2114.0,"SELL",1
"2026-02-20","US90187B2007","90187B200","TWO-A","TWO","TWO HARBORS INVESTMENT CORP","Financial Institutions",380186.0,380102.0,-84.0,0.06643,0.06642,-1e-05,24.85,-2087.4,"SELL",1
"2026-02-20","US64944P3073","64944P307","FLG","NYCB","NEW YORK COMMUNITY CAPITAL TRUST V","Financial Institutions",224646.0,224596.0,-50.0,0.06508,0.06569,0.00061,41.59,-2079.5,"SELL",1
"2026-02-20","US70509V7047","70509V704","PEB-F","PEB","PEBBLEBROOK HOTEL TRUST","Financial Institutions",457755.0,457653.0,-102.0,0.06675,0.0653,-0.00145,20.29,-2069.58,"SELL",1
"2026-02-20","US68003D3035","68003D303","ONB-C","ONB","OLD NATIONAL BANCORP DEP SHS EACH","Financial Institutions",367796.0,367714.0,-82.0,0.06486,0.06495,9e-05,25.12,-2059.84,"SELL",1
"2026-02-20","US0084922097","008492209","ADC-A","ADC","AGREE REALTY CORP","Financial Institutions",526908.0,526790.0,-118.0,0.06483,0.06462,-0.00021,17.45,-2059.1,"SELL",1
"2026-02-20","US5977423038","597742303","MSBI","MSBI","MIDLAND STATES BANCORP INC","Financial Institutions",356302.0,356222.0,-80.0,0.06421,0.06445,0.00024,25.73,-2058.4,"SELL",1
"2026-02-20","MHY8564M1131","-","TGP","TGP","TEEKAY LNG PARTNERS LP","Industrial",358542.0,358462.0,-80.0,0.06482,0.06478,-4e-05,25.7,-2056.0,"SELL",1
"2026-02-20","US8964427046","896442704","TRIN","TRIN","TRINITY CAPITAL INC","Financial Institutions",358355.0,358275.0,-80.0,0.06428,0.06427,-1e-05,25.51,-2040.8,"SELL",1
"2026-02-20","US9197942066","919794206","VLY-A","VLY","VALLEY NATIONAL BANCORP","Financial Institutions",356302.0,356222.0,-80.0,0.06368,0.06388,0.0002,25.5,-2040.0,"SELL",1
"2026-02-20","US3137452005","313745200","FRT-C","FRT","FEDERAL REALTY INVESTMENT DEPOSITA","Financial Institutions",451650.0,451550.0,-100.0,0.06412,0.06449,0.00037,20.31,-2031.0,"SELL",1
"2026-02-20","BMG162491499","-","BPY-A-1","BPY","BROOKFIELD PROPERTY PARTNERS LP","Industrial",553969.0,553845.0,-124.0,0.06376,0.06364,-0.00012,16.34,-2026.16,"SELL",1
"2026-02-20","US8660826053","866082605","INN-E","INN","SUMMIT HOTEL PROPERTIES INC","Financial Institutions",481747.0,481641.0,-106.0,0.06405,0.06422,0.00017,18.96,-2009.76,"SELL",1
"2026-02-20","US6496048165","649604816","ADAM","ADAM","NEW YORK MORTGAGE TRUST INC","Financial Institutions",347185.0,347107.0,-78.0,0.06261,0.06266,5e-05,25.67,-2002.26,"SELL",1
"2026-02-20","US8964426055","896442605","TRIN","TRIN","TRINITY CAPITAL INC","Financial Institutions",349440.0,349362.0,-78.0,0.06258,0.06245,-0.00013,25.42,-1982.76,"SELL",1
"2026-02-20","US20786W5031","20786W503","CNOB-A","CNOB","CONNECTONE BANCORP INC","Financial Institutions",356302.0,356222.0,-80.0,0.06185,0.06185,0.0,24.69,-1975.2,"SELL",1
"2026-02-20","US28852N2080","28852N208","EFC","EFC","ELLINGTON FINANCIAL INC","Financial Institutions",350691.0,350613.0,-78.0,0.06196,0.06191,-5e-05,25.11,-1958.58,"SELL",1
"2026-02-20","MHY271831213","-","GSL","GSL","GLOBAL SHIP LEASE INC","Industrial",327230.0,327158.0,-72.0,0.06214,0.06248,0.00034,27.16,-1955.52,"SELL",1
"2026-02-20","US90187B8871","90187B887","TWO","TWO","TWO HARBORS INVESTMENT CORP","Financial Institutions",346301.0,346225.0,-76.0,0.06231,0.06245,0.00014,25.65,-1949.4,"SELL",1
"2026-02-20","US28852N3070","28852N307","EFC-B","EFC","ELLINGTON FINANCIAL INC","Financial Institutions",362911.0,362831.0,-80.0,0.06162,0.06183,0.00021,24.23,-1938.4,"SELL",1
"2026-02-20","US2635343070","263534307","CTVA","CTVA","E I DU PONT DE NEMOURS AND CO","Industrial",127584.0,127556.0,-28.0,0.06134,0.06157,0.00023,68.64,-1921.92,"SELL",1
"2026-02-20","US6475513080","647551308","NMFC","NMFC","NEW MOUNTAIN FINANCE CORP","Financial Institutions",345392.0,345316.0,-76.0,0.06125,0.06122,-3e-05,25.21,-1915.96,"SELL",1
"2026-02-20","US2256552082","225655208","CCABDC","FCRX","CRESCENT CAPITAL BDC   NOTES DUE I","Financial Institutions",340104.0,340028.0,-76.0,0.06009,0.06023,0.00014,25.19,-1914.44,"SELL",1
"2026-02-20","US12621E3018","12621E301","CNO","CNO","CNO FINANCIAL GROUP INC","Financial Institutions",451650.0,451550.0,-100.0,0.06113,0.06065,-0.00048,19.1,-1910.0,"SELL",1
"2026-02-20","US26817Q8785","26817Q878","DX-C","DX","DYNEX CAPITAL INC","Financial Institutions",334577.0,334503.0,-74.0,0.06112,0.06069,-0.00043,25.8,-1909.2,"SELL",1
"2026-02-20","US75574U8383","75574U838","RC","RC","READY CAPITAL CORP","Financial Institutions",396472.0,396384.0,-88.0,0.05971,0.06029,0.00058,21.63,-1903.44,"SELL",1
"2026-02-20","US70931T3014","70931T301","PMT-A","PMT","PENNYMAC MORTGAGE INVESTMENT TRUST","Financial Institutions",353715.0,353637.0,-78.0,0.06076,0.0606,-0.00016,24.37,-1900.86,"SELL",1
"2026-02-20","US3205178656","320517865","FHN-F","FHN","FIRST HORIZON CORP (TENNESSEE)","Financial Institutions",451600.0,451500.0,-100.0,0.05916,0.06001,0.00085,18.9,-1890.0,"SELL",1
"2026-02-20","US26884U3077","26884U307","EPR-E","EPR","EPR PROPERTIES","Financial Institutions",259427.0,259369.0,-58.0,0.05976,0.05937,-0.00039,32.55,-1887.9,"SELL",1
"2026-02-20","US02665T8687","02665T868","AMH-H","AMH","AMERICAN HOMES 4 RENT","Financial Institutions",350691.0,350613.0,-78.0,0.05914,0.05908,-6e-05,23.96,-1868.88,"SELL",1
"2026-02-20","US70931T8062","70931T806","PMT","PMT","PENNYMAC MORTGAGE INVESTMENT TRUST","Financial Institutions",320128.0,320056.0,-72.0,0.05807,0.05811,4e-05,25.82,-1859.04,"SELL",1
"2026-02-20","US0259328070","025932807","AFG","AFG","AMERICAN FINANCIAL GROUP INC","Financial Institutions",376343.0,376259.0,-84.0,0.0584,0.05845,5e-05,22.09,-1855.56,"SELL",1
"2026-02-20","KYG3730V1398","-","FTAI-C","FTAI","FTAI AVIATION   FIXED RATE RESET C","Financial Institutions",319770.0,319698.0,-72.0,0.05756,0.05762,6e-05,25.63,-1845.36,"SELL",1
"2026-02-20","US74460W4877","74460W487","PSA-O","PSA","PUBLIC STORAGE","Financial Institutions",522843.0,522727.0,-116.0,0.05854,0.05845,-9e-05,15.9,-1844.4,"SELL",1
"2026-02-20","US64828T3005","64828T300","RITM-A","RITM","NEW RESIDENTIAL INVESTMENT CORP","Financial Institutions",323690.0,323618.0,-72.0,0.05817,0.05804,-0.00013,25.5,-1836.0,"SELL",1
"2026-02-20","US7588498896","758849889","REG-A","REG","REGENCY CENTERS   SERIES A CUMULAT","Financial Institutions",350520.0,350442.0,-78.0,0.0576,0.05771,0.00011,23.42,-1826.76,"SELL",1
"2026-02-20","US2298993070","229899307","CFR-B","CFR","CULLEN FROST BANKERS DRC INC","Financial Institutions",451600.0,451500.0,-100.0,0.05784,0.05793,9e-05,18.24,-1824.0,"SELL",1
"2026-02-20","US3793784097","379378409","GNL-B","GNL","GLOBAL NET LEASE INC","Financial Institutions",358272.0,358192.0,-80.0,0.05708,0.05715,7e-05,22.69,-1815.2,"SELL",1
"2026-02-20","US68003D2045","68003D204","ONB-A","ONB","OLD NATIONAL BANCORP","Financial Institutions",325159.0,325087.0,-72.0,0.05745,0.05747,2e-05,25.14,-1810.08,"SELL",1
"2026-02-20","US02665T8760","02665T876","AMH-G","AMH","AMERICAN HOMES 4 RENT","Financial Institutions",350684.0,350606.0,-78.0,0.05637,0.05646,9e-05,22.9,-1786.2,"SELL",1
"2026-02-20","US53803X4025","53803X402","LOB-A","LOB","LIVE OAK BANCSHARES INC","Financial Institutions",310427.0,310359.0,-68.0,0.05681,0.05701,0.0002,26.12,-1776.16,"SELL",1
"2026-02-20","US25432X2018","25432X201","DCOM","DCOM","DIME COMMUNITY BANCSHARES CUMULATI","Financial Institutions",407471.0,407381.0,-90.0,0.05604,0.05638,0.00034,19.68,-1771.2,"SELL",1
"2026-02-20","US7588498714","758849871","REG-B","REG","REGENCY CENTERS   SERIES B CUMULAT","Financial Institutions",350405.0,350327.0,-78.0,0.05548,0.05577,0.00029,22.64,-1765.92,"SELL",1
"2026-02-20","US05580M8275","05580M827","RILY","RILY","B. RILEY FINANCIAL INC","Financial Institutions",312376.0,312306.0,-70.0,0.05471,0.05484,0.00013,24.97,-1747.9,"SELL",1
"2026-02-20","US0605055914","060505591","BAC","BAC","BANK OF AMERICA DEPOSITORY SHARES","Financial Institutions",378401.0,378317.0,-84.0,0.05494,0.0548,-0.00014,20.6,-1730.4,"SELL",1
"2026-02-20","US80349A8027","80349A802","SAR","SAR","SARATOGA INVESTMENT CORP","Financial Institutions",317657.0,317587.0,-70.0,0.05506,0.05501,-5e-05,24.63,-1724.1,"SELL",1
"2026-02-20","US8043958797","804395879","BFS-E","BFS","SAUL CENTERS INC","Financial Institutions",335768.0,335694.0,-74.0,0.05487,0.05486,-1e-05,23.24,-1719.76,"SELL",1
"2026-02-20","US73317H2067","73317H206","BPOP","BPOP","POPULAR CAPITAL TRUST II","Financial Institutions",304141.0,304073.0,-68.0,0.05417,0.05373,-0.00044,25.13,-1708.84,"SELL",1
"2026-02-20","US29364P1030","29364P103","ETR","ETR","ENTERGY NEW ORLEANS INC","Utility",334843.0,334769.0,-74.0,0.05377,0.05424,0.00047,23.04,-1704.96,"SELL",1
"2026-02-20","US9197943056","919794305","VLY-B","VLY","VALLEY NATL NON CUM PERP PREF SERI","Financial Institutions",309933.0,309865.0,-68.0,0.0547,0.05458,-0.00012,25.05,-1703.4,"SELL",1
"2026-02-20","US3131488278","313148827","AGMPP","AGMPP","FEDERAL AGRIC MTG NON CUMULATIVE P","Agency",307587.0,307519.0,-68.0,0.05433,0.05411,-0.00022,25.02,-1701.36,"SELL",1
"2026-02-20","US7580758578","758075857","RWT","RWT","REDWOOD TRUST INC","Financial Institutions",301911.0,301843.0,-68.0,0.05301,0.05292,-9e-05,24.93,-1695.24,"SELL",1
"2026-02-20","US28852N4060","28852N406","EFC-C","EFC","ELLINGTON FINANCIAL INC","Financial Institutions",301119.0,301053.0,-66.0,0.0541,0.0542,0.0001,25.6,-1689.6,"SELL",1
"2026-02-20","US00489Q3002","00489Q300","ACR-D","ACR","ACRES COMMERCIAL REALTY CORP","Financial Institutions",339306.0,339230.0,-76.0,0.05286,0.05281,-5e-05,22.14,-1682.64,"SELL",1
"2026-02-20","US22948Q2003","22948Q200","CTO-A","CTO","CTO REALTY GROWTH INC","Financial Institutions",359565.0,359485.0,-80.0,0.05302,0.05309,7e-05,21.0,-1680.0,"SELL",1
"2026-02-20","US16208T2015","16208T201","CLDT-A","CLDT","CHATHAM LODGING TRUST","Financial Institutions",359264.0,359184.0,-80.0,0.05164,0.05161,-3e-05,20.43,-1634.4,"SELL",1
"2026-02-20","US3131488435","313148843","FAMCA","FAMCA","FEDERAL AGRICULTURAL MORTGAGE CORP","Agency",366148.0,366066.0,-82.0,0.05118,0.0511,-8e-05,19.85,-1627.7,"SELL",1
"2026-02-20","US74348T5653","74348T565","PSEC-A","PSEC","PROSPECT CAPITAL CORP","Financial Institutions",398950.0,398862.0,-88.0,0.05184,0.05178,-6e-05,18.46,-1624.48,"SELL",1
"2026-02-20","US6943082064","694308206","PCG-A","PCG","PACIFIC GAS & ELEC CO","Utility",317063.0,316993.0,-70.0,0.04998,0.05062,0.00064,22.71,-1589.7,"SELL",1
"2026-02-20","US74460W4463","74460W446","PSA-Q","PSA","PUBLIC STORAGE","Financial Institutions",442131.0,442033.0,-98.0,0.04994,0.05001,7e-05,16.09,-1576.82,"SELL",1
"2026-02-20","US3131488351","313148835","FAMCA","FAMCA","FEDERAL AGRICULTURAL MORTGAGE   NO","Agency",381584.0,381500.0,-84.0,0.04931,0.04927,-4e-05,18.36,-1542.24,"SELL",1
"2026-02-20","US14040H7742","14040H774","COF-K","COF","CAPITAL ONE FINANCIAL CORPORATION","Financial Institutions",381578.0,381494.0,-84.0,0.04832,0.04858,0.00026,18.11,-1521.24,"SELL",1
"2026-02-20","US70509V6056","70509V605","PEB-E","PEB","PEBBLEBROOK HOTEL TRUST","Financial Institutions",334037.0,333963.0,-74.0,0.04796,0.04824,0.00028,20.54,-1519.96,"SELL",1
"2026-02-20","US20451Q2030","20451Q203","CODI-A","CODI","COMPASS DIVERSIFIED HOLDINGS","Financial Institutions",356531.0,356451.0,-80.0,0.04948,0.04757,-0.00191,18.98,-1518.4,"SELL",1
"2026-02-20","US56029Q4082","56029Q408","MHLD","MHLD","MAIDEN HOLDINGS NORTH AMERICA LTD","Financial Institutions",455506.0,455404.0,-102.0,0.04756,0.0474,-0.00016,14.8,-1509.6,"SELL",1
"2026-02-20","US5290433094","529043309","LXP-C","LXP","LXP INDUSTRIAL TRUST","Financial Institutions",147142.0,147110.0,-32.0,0.04875,0.04878,3e-05,47.15,-1508.8,"SELL",1
"2026-02-20","US9116847024","911684702","UZA","USM","UNITED STATES CELLULAR CORPORATION","Industrial",318689.0,318619.0,-70.0,0.04791,0.04813,0.00022,21.48,-1503.6,"SELL",1
"2026-02-20","US0454872047","045487204","ASB-E","ASB","ASSOCIATED BANC DEPOSITARY SHARES","Financial Institutions",316469.0,316399.0,-70.0,0.04782,0.04775,-7e-05,21.46,-1502.2,"SELL",1
"2026-02-20","US3131488682","313148868","FAMCA","FAMCA","FEDERAL AGRICULTURAL MORTGAGE CORP","Agency",305195.0,305127.0,-68.0,0.04672,0.04671,-1e-05,21.77,-1480.36,"SELL",1
"2026-02-20","US0454874027","045487402","ASB-F","ASB","ASSOCIATED BANC-CORP","Financial Institutions",307588.0,307520.0,-68.0,0.04492,0.04504,0.00012,20.83,-1416.44,"SELL",1
"2026-02-20","US8678928875","867892887","SHO-I","SHO","SUNSTONE HOTEL INVESTORS INC","Financial Institutions",305196.0,305128.0,-68.0,0.04307,0.04324,0.00017,20.15,-1370.2,"SELL",1
"2026-02-20","US9116848840","911684884","UZC","USM","UNITED STATES CELLULAR CORPORATION","Industrial",314773.0,314703.0,-70.0,0.04254,0.0427,0.00016,19.3,-1351.0,"SELL",1
"2026-02-20","US7472623013","747262301","QVCN","QVCN","QVC INC","Industrial",676203.0,676053.0,-150.0,0.04037,0.04041,4e-05,8.5,-1275.0,"SELL",1
"2026-02-20","US74915M3088","74915M308","QRTEA","QRTEA","QURATE RETAIL .0 CUMULATIVE REDEEM","Industrial",985321.0,985103.0,-218.0,0.03464,0.0399,0.00526,5.76,-1255.68,"SELL",1
"2026-02-20","US8660827044","866082704","INN-F","INN","SUMMIT HOTEL PROPERTIES INC","Financial Institutions",300112.0,300046.0,-66.0,0.03845,0.03876,0.00031,18.37,-1212.42,"SELL",1
"2026-02-20","US5602923022","560292302","MHLD","MHLD","MAIDEN HOLDINGS LTD","Financial Institutions",330005.0,329931.0,-74.0,0.03064,0.03016,-0.00048,13.0,-962.0,"SELL",1
"2026-02-20","US75574U8870","75574U887","RC-E","RC","READY CAPITAL CORP","Financial Institutions",350691.0,350613.0,-78.0,0.02989,0.02978,-0.00011,12.08,-942.24,"SELL",1
"2026-02-20","US5835432023","583543202","SLNH-A","SLNH","SOLUNA HOLDINGS INC","Industrial",382538.0,382438.0,-100.0,0.023,0.02396,0.00096,8.91,-891.0,"SELL",1
"2026-02-20","US10482B2007","10482B200","BHR-B","BHR","BRAEMAR HOTEL & RESORTS INC","Financial Institutions",229307.0,229257.0,-50.0,0.02667,0.0265,-0.00017,16.44,-822.0,"SELL",1
"2026-02-20","US05461T3059","05461T305","AXS-E","AXS","AXIS CAPITAL HOLDINGS LTD","Financial Institutions",1639898.0,1639898.0,0.0,0.23903,0.23952,0.00049,20.77,0.0,"UNCHANGED",1
"2026-02-20","US29452E2000","29452E200","EQH-A","EQH","EQUITABLE HLDNGS  DRC REPRESENTING","Financial Institutions",2385233.0,2385233.0,0.0,0.34582,0.34787,0.00205,20.74,0.0,"UNCHANGED",1
"2026-02-20","US0389238686","038923868","ABR-E","ABR","ARBOR REALTY TRUST INC","Financial Institutions",436784.0,436784.0,0.0,0.0535,0.05372,0.00022,17.49,0.0,"UNCHANGED",1
"2026-02-20","US3765493099","376549309","LAND-B","LAND","GLADSTONE LAND CORP","Financial Institutions",443730.0,443730.0,0.0,0.06268,0.06291,0.00023,20.16,0.0,"UNCHANGED",1
"2026-02-20","US46817M2061","46817M206","JXN","JXN","JACKSON FINANCIAL INC","Financial Institutions",1639898.0,1639898.0,0.0,0.30025,0.30064,0.00039,26.07,0.0,"UNCHANGED",1
"2026-02-20","US04911A2069","04911A206","AUB-A","AUB","ATLANTIC UNION BANKSHARES CORP","Financial Institutions",521766.0,521766.0,0.0,0.0904,0.09066,0.00026,24.71,0.0,"UNCHANGED",1
"2026-02-20","US0625403078","062540307","BOH","BOH","BANK OF HAWAII CORP","Financial Institutions",501367.0,501367.0,0.0,0.09384,0.09396,0.00012,26.65,0.0,"UNCHANGED",1
"2026-02-20","US3602713089","360271308","FULT-A","FULT","FULTON FINANCIAL CORPORATION","Financial Institutions",596327.0,596327.0,0.0,0.07899,0.07921,0.00022,18.89,0.0,"UNCHANGED",1
"2026-02-20","US34988VAF31","34988VAF3","FOSL","FOSL","FOSSIL GROUP INC","Industrial",1174925.0,1174925.0,0.0,0.00811,0.008,-0.00011,94.84,0.0,"UNCHANGED",1
"2026-02-20","US78409W2017","78409W201","EIX-K","EIX","SCE TRUST V","Financial Institutions",353218.0,353218.0,0.0,0.06271,0.06279,8e-05,25.28,0.0,"UNCHANGED",1
"2026-02-20","US0625452075","062545207","BOH-A","BOH","BANK OF HAWAII CORP","Financial Institutions",562968.0,562968.0,0.0,0.0663,0.06651,0.00021,16.8,0.0,"UNCHANGED",1
"2026-02-20","BMG8192H1557","-","SPNT-B","SPNT","SIRIUSPOINT LTD","Financial Institutions",607691.0,607691.0,0.0,0.10881,0.10888,7e-05,25.48,0.0,"UNCHANGED",1
"2026-02-20","US0389238504","038923850","ABR-F","ABR","ARBOR REALTY TRUST INC","Financial Institutions",861597.0,861597.0,0.0,0.13467,0.13444,-0.00023,22.19,0.0,"UNCHANGED",1
"2026-02-20","US29452E4089","29452E408","EQH-C","EQH","EQUITABLE HOLDINGS INC","Financial Institutions",911549.0,911549.0,0.0,0.10582,0.10756,0.00174,16.78,0.0,"UNCHANGED",1
"2026-02-20","US9388243076","938824307","WAFD-A","WAFD","WASHINGTON FEDERAL INC","Financial Institutions",911549.0,911549.0,0.0,0.10979,0.10948,-0.00031,17.08,0.0,"UNCHANGED",1
"2026-02-20","US5341878859","534187885","LNC-D","LNC","LINCOLN NATIONAL CORPORATION","Financial Institutions",1490816.0,1490816.0,0.0,0.27925,0.27897,-0.00028,26.61,0.0,"UNCHANGED",1
"2026-02-20","US0389238769","038923876","ABR-D","ABR","ARBOR REALTY TRUST INC","Financial Institutions",698884.0,698884.0,0.0,0.08624,0.0866,0.00036,17.62,0.0,"UNCHANGED",1
"2026-02-20","US7244795065","724479506","PBI","PBI","PITNEY BOWES INC","Industrial",1061331.0,1061331.0,0.0,0.15619,0.15374,-0.00245,20.6,0.0,"UNCHANGED",1
